age,sex,education,occupation,hours_per_week,capital_gain,income
21,Male,Bachelors,Sales,59,160,<=50K
40,Female,Doctorate,Sales,39,205,<=50K
30,Male,Some-college,Craft-repair,44,1986,>50K
46,Male,Bachelors,Craft-repair,44,9208,>50K
34,Male,Bachelors,Prof-specialty,53,6469,>50K
43,Male,HS-grad,Craft-repair,55,417,<=50K
40,Female,HS-grad,Other-service,13,272,<=50K
48,Female,Masters,Other-service,23,497,<=50K
48,Male,Some-college,Exec-managerial,49,484,>50K
18,Male,HS-grad,Prof-specialty,46,1550,>50K
41,Male,HS-grad,Craft-repair,54,26,>50K
50,Female,Masters,Other-service,46,36,<=50K
65,Male,Bachelors,Other-service,33,643,>50K
37,Female,Some-college,Other-service,31,1802,<=50K
56,Male,Doctorate,Other-service,55,115,>50K
18,Male,Doctorate,Other-service,52,791,<=50K
50,Male,Masters,Other-service,42,979,>50K
22,Male,HS-grad,Exec-managerial,44,1708,>50K
49,Female,Doctorate,Craft-repair,41,61,>50K
35,Female,HS-grad,Craft-repair,27,1438,>50K
48,Male,Some-college,Craft-repair,47,1273,<=50K
37,Male,Bachelors,Prof-specialty,57,1657,>50K
31,Female,HS-grad,Exec-managerial,22,4569,<=50K
65,Male,Some-college,Other-service,34,223,>50K
32,Male,HS-grad,Prof-specialty,53,3958,>50K
18,Female,HS-grad,Sales,26,115,<=50K
34,Female,Masters,Prof-specialty,31,2169,>50K
34,Male,Some-college,Other-service,33,91,>50K
25,Male,Bachelors,Other-service,43,1727,>50K
21,Male,Some-college,Craft-repair,51,435,>50K
40,Male,HS-grad,Prof-specialty,51,6441,>50K
30,Female,Bachelors,Other-service,40,48,<=50K
47,Male,Doctorate,Other-service,34,713,>50K
25,Male,HS-grad,Exec-managerial,42,1794,<=50K
53,Female,Bachelors,Other-service,28,112,>50K
32,Male,HS-grad,Other-service,44,948,>50K
50,Female,Bachelors,Prof-specialty,43,2527,<=50K
48,Female,Masters,Other-service,36,366,<=50K
41,Male,HS-grad,Other-service,44,224,<=50K
33,Male,Bachelors,Exec-managerial,47,4110,>50K
20,Male,Some-college,Sales,53,72,>50K
32,Male,HS-grad,Prof-specialty,46,1143,>50K
38,Male,HS-grad,Exec-managerial,50,3374,>50K
39,Female,HS-grad,Prof-specialty,30,4700,<=50K
40,Female,HS-grad,Other-service,34,23,>50K
30,Male,HS-grad,Sales,43,508,<=50K
20,Male,HS-grad,Craft-repair,52,137,<=50K
26,Female,HS-grad,Prof-specialty,34,1837,>50K
43,Male,Masters,Other-service,35,239,>50K
45,Female,HS-grad,Craft-repair,25,35,<=50K
36,Male,Some-college,Prof-specialty,42,654,>50K
57,Male,Masters,Other-service,47,5,>50K
37,Male,Some-college,Other-service,60,321,>50K
59,Female,HS-grad,Other-service,38,1025,<=50K
49,Male,Bachelors,Other-service,41,399,>50K
46,Male,Some-college,Prof-specialty,53,387,>50K
34,Female,Masters,Other-service,43,129,<=50K
29,Female,Masters,Other-service,34,31,<=50K
38,Male,Masters,Sales,54,159,>50K
38,Female,Doctorate,Sales,24,547,<=50K
18,Male,Some-college,Other-service,60,405,>50K
32,Male,Some-college,Exec-managerial,39,7875,>50K
21,Female,Bachelors,Sales,36,1544,<=50K
28,Female,Bachelors,Prof-specialty,22,3794,>50K
30,Female,Some-college,Prof-specialty,37,9205,>50K
42,Male,Masters,Craft-repair,51,26,>50K
32,Male,Masters,Other-service,26,911,>50K
49,Female,Some-college,Sales,33,278,<=50K
41,Female,HS-grad,Prof-specialty,29,1547,>50K
57,Male,HS-grad,Other-service,49,859,<=50K
21,Male,Masters,Craft-repair,33,1645,>50K
48,Female,Some-college,Other-service,49,1844,>50K
18,Male,Bachelors,Craft-repair,44,319,>50K
33,Female,Some-college,Craft-repair,31,532,>50K
28,Male,Bachelors,Sales,38,2100,>50K
48,Female,Some-college,Other-service,42,894,>50K
45,Male,Some-college,Other-service,58,1443,>50K
19,Male,Bachelors,Exec-managerial,35,97,>50K
18,Female,Doctorate,Other-service,29,472,>50K
31,Female,Doctorate,Sales,41,1046,>50K
33,Male,Bachelors,Prof-specialty,49,518,<=50K
32,Male,HS-grad,Exec-managerial,39,3234,>50K
28,Female,Bachelors,Prof-specialty,35,1419,>50K
65,Male,Some-college,Other-service,53,1055,>50K
40,Male,Some-college,Prof-specialty,38,1165,>50K
37,Male,Bachelors,Other-service,50,290,<=50K
59,Male,Some-college,Other-service,54,16,>50K
44,Male,HS-grad,Craft-repair,46,884,<=50K
48,Female,Bachelors,Craft-repair,28,194,<=50K
42,Male,HS-grad,Prof-specialty,50,2533,>50K
30,Male,HS-grad,Prof-specialty,42,1891,>50K
18,Male,Masters,Craft-repair,65,324,<=50K
58,Female,Some-college,Prof-specialty,25,2915,>50K
49,Male,Doctorate,Other-service,48,670,>50K
38,Male,Doctorate,Other-service,57,691,>50K
60,Female,HS-grad,Other-service,30,19,>50K
44,Female,Bachelors,Craft-repair,24,57,<=50K
46,Male,Doctorate,Prof-specialty,37,1973,>50K
46,Female,Bachelors,Craft-repair,27,168,<=50K
65,Male,Some-college,Exec-managerial,41,6647,>50K
32,Male,Some-college,Sales,46,152,<=50K
44,Female,Some-college,Other-service,34,61,<=50K
49,Female,Some-college,Other-service,39,45,>50K
33,Female,HS-grad,Craft-repair,37,1024,<=50K
50,Female,Bachelors,Other-service,21,193,<=50K
60,Male,Bachelors,Exec-managerial,55,2735,>50K
24,Male,Bachelors,Craft-repair,40,0,<=50K
32,Male,Bachelors,Prof-specialty,32,1178,<=50K
56,Male,Masters,Sales,49,424,>50K
24,Male,Some-college,Sales,44,16,>50K
22,Male,Masters,Other-service,41,445,<=50K
39,Female,Bachelors,Other-service,29,227,<=50K
40,Female,Some-college,Craft-repair,41,148,<=50K
50,Male,Some-college,Other-service,45,501,>50K
50,Female,Bachelors,Other-service,32,1111,<=50K
43,Female,Some-college,Exec-managerial,35,743,>50K
18,Male,Masters,Other-service,35,2129,>50K
28,Male,Doctorate,Exec-managerial,46,4665,>50K
28,Male,Some-college,Other-service,44,719,>50K
52,Male,Bachelors,Other-service,52,269,<=50K
26,Female,Masters,Prof-specialty,34,207,>50K
51,Female,Masters,Craft-repair,49,87,<=50K
40,Female,Some-college,Exec-managerial,38,1581,>50K
38,Female,Some-college,Craft-repair,35,390,<=50K
23,Male,Some-college,Sales,40,965,<=50K
47,Male,Some-college,Other-service,37,505,<=50K
56,Male,Bachelors,Prof-specialty,38,286,>50K
18,Female,Bachelors,Other-service,48,472,>50K
29,Male,HS-grad,Other-service,50,52,>50K
47,Male,Bachelors,Prof-specialty,43,1100,>50K
58,Male,Masters,Craft-repair,56,6,>50K
51,Female,Masters,Other-service,17,1754,>50K
25,Male,HS-grad,Sales,38,182,<=50K
43,Male,Masters,Exec-managerial,44,880,>50K
43,Male,HS-grad,Exec-managerial,25,862,<=50K
34,Female,HS-grad,Prof-specialty,47,531,<=50K
49,Female,Masters,Other-service,45,162,>50K
54,Male,Some-college,Other-service,41,844,>50K
43,Male,Some-college,Prof-specialty,46,2182,>50K
43,Male,Masters,Prof-specialty,44,878,>50K
54,Female,Bachelors,Prof-specialty,44,2032,>50K
56,Male,Bachelors,Other-service,53,14,<=50K
18,Female,HS-grad,Other-service,34,307,<=50K
49,Male,Masters,Sales,65,646,<=50K
42,Male,HS-grad,Craft-repair,38,578,>50K
22,Female,HS-grad,Other-service,30,56,>50K
44,Male,HS-grad,Exec-managerial,50,1074,>50K
45,Male,HS-grad,Other-service,48,168,<=50K
18,Male,Masters,Prof-specialty,51,1131,>50K
47,Male,Masters,Other-service,45,534,>50K
41,Male,Bachelors,Craft-repair,54,3650,>50K
39,Female,Bachelors,Prof-specialty,41,850,>50K
33,Male,Some-college,Exec-managerial,53,1761,>50K
52,Male,Masters,Prof-specialty,48,671,>50K
34,Male,HS-grad,Other-service,54,173,<=50K
43,Male,HS-grad,Exec-managerial,41,571,<=50K
37,Male,Masters,Other-service,58,275,<=50K
46,Male,Some-college,Other-service,49,6083,>50K
29,Male,Masters,Other-service,51,398,>50K
46,Male,HS-grad,Sales,34,813,>50K
52,Male,Bachelors,Prof-specialty,34,2110,>50K
37,Female,Bachelors,Exec-managerial,23,1219,>50K
24,Male,Bachelors,Craft-repair,57,1083,>50K
41,Male,HS-grad,Craft-repair,43,516,<=50K
50,Male,Bachelors,Prof-specialty,38,2870,>50K
37,Female,HS-grad,Exec-managerial,35,1637,>50K
20,Male,Masters,Prof-specialty,25,955,<=50K
57,Female,Doctorate,Craft-repair,55,4,>50K
34,Male,Some-college,Prof-specialty,59,3897,>50K
41,Male,Doctorate,Prof-specialty,45,73,>50K
39,Male,HS-grad,Sales,44,447,<=50K
29,Male,Some-college,Exec-managerial,50,160,>50K
52,Female,Masters,Prof-specialty,37,1570,>50K
45,Female,HS-grad,Exec-managerial,36,558,<=50K
33,Male,Bachelors,Craft-repair,45,226,>50K
47,Female,Bachelors,Prof-specialty,39,685,<=50K
26,Female,Some-college,Sales,35,60,<=50K
54,Female,Some-college,Other-service,30,1829,>50K
31,Male,Bachelors,Craft-repair,41,463,>50K
45,Female,HS-grad,Other-service,42,660,<=50K
18,Female,HS-grad,Sales,34,118,<=50K
30,Female,Masters,Craft-repair,33,742,>50K
47,Male,Bachelors,Exec-managerial,39,7704,>50K
44,Female,HS-grad,Other-service,30,205,>50K
56,Female,Some-college,Other-service,32,184,>50K
49,Male,Some-college,Other-service,44,178,>50K
20,Male,HS-grad,Prof-specialty,48,2603,<=50K
34,Male,HS-grad,Prof-specialty,47,6247,>50K
27,Male,HS-grad,Prof-specialty,45,8531,>50K
37,Female,Some-college,Other-service,31,1343,>50K
39,Male,Bachelors,Prof-specialty,44,1845,>50K
23,Female,Some-college,Other-service,42,272,<=50K
37,Male,Bachelors,Other-service,45,320,>50K
41,Male,Some-college,Exec-managerial,60,1959,>50K
37,Female,Some-college,Other-service,42,63,<=50K
39,Female,HS-grad,Sales,25,862,<=50K
24,Male,Masters,Exec-managerial,37,8002,>50K
35,Male,Bachelors,Other-service,63,446,>50K
43,Male,Bachelors,Other-service,37,174,<=50K
36,Female,HS-grad,Other-service,15,209,<=50K
41,Male,Masters,Prof-specialty,54,2299,>50K
62,Female,Masters,Prof-specialty,50,1243,>50K
52,Male,Some-college,Other-service,43,1829,>50K
40,Male,Some-college,Prof-specialty,48,329,>50K
20,Female,Masters,Prof-specialty,30,750,<=50K
30,Female,Some-college,Sales,41,35,>50K
24,Male,Doctorate,Other-service,54,347,<=50K
32,Male,Bachelors,Sales,19,26,<=50K
39,Male,HS-grad,Prof-specialty,50,2998,>50K
30,Male,Some-college,Sales,38,7949,>50K
42,Male,Bachelors,Other-service,54,226,>50K
49,Female,Masters,Other-service,24,866,<=50K
43,Female,Masters,Prof-specialty,36,2016,>50K
33,Male,Masters,Sales,44,1158,>50K
48,Male,HS-grad,Exec-managerial,40,1327,>50K
31,Female,Masters,Other-service,22,1147,>50K
43,Female,HS-grad,Craft-repair,23,108,<=50K
25,Female,HS-grad,Prof-specialty,30,207,<=50K
43,Female,Masters,Craft-repair,28,145,>50K
37,Male,Bachelors,Other-service,60,525,>50K
47,Male,Bachelors,Prof-specialty,44,11,>50K
37,Female,Doctorate,Prof-specialty,39,2905,>50K
44,Female,Masters,Prof-specialty,25,465,>50K
21,Male,Some-college,Exec-managerial,38,3166,>50K
42,Male,Doctorate,Craft-repair,39,212,>50K
47,Female,Masters,Prof-specialty,36,2536,>50K
29,Male,HS-grad,Prof-specialty,41,1086,<=50K
47,Male,HS-grad,Other-service,39,1245,<=50K
53,Male,HS-grad,Other-service,48,216,>50K
58,Male,HS-grad,Prof-specialty,40,1028,<=50K
50,Female,Some-college,Exec-managerial,28,2863,>50K
27,Female,HS-grad,Other-service,23,70,<=50K
23,Male,HS-grad,Prof-specialty,41,1496,>50K
21,Male,Some-college,Other-service,39,1303,<=50K
47,Female,Bachelors,Sales,26,1115,>50K
23,Male,Some-college,Craft-repair,48,487,<=50K
18,Female,HS-grad,Sales,31,291,<=50K
26,Male,Some-college,Other-service,48,170,<=50K
38,Male,HS-grad,Prof-specialty,56,4613,>50K
18,Female,Bachelors,Other-service,42,329,<=50K
55,Male,HS-grad,Other-service,31,25,<=50K
41,Male,Masters,Craft-repair,46,409,>50K
52,Male,Bachelors,Other-service,39,619,>50K
54,Male,Bachelors,Exec-managerial,44,11285,>50K
33,Male,HS-grad,Other-service,53,120,<=50K
41,Male,HS-grad,Other-service,48,989,>50K
40,Female,HS-grad,Other-service,32,267,<=50K
29,Female,HS-grad,Craft-repair,32,1037,>50K
56,Female,Some-college,Sales,34,413,<=50K
54,Male,HS-grad,Other-service,34,2399,>50K
34,Male,Some-college,Prof-specialty,44,55,>50K
28,Male,Masters,Other-service,55,407,>50K
20,Female,HS-grad,Craft-repair,27,554,<=50K
42,Male,Masters,Other-service,45,462,>50K
33,Male,HS-grad,Prof-specialty,55,685,>50K
18,Male,Masters,Craft-repair,61,692,>50K
53,Male,HS-grad,Sales,29,202,>50K
53,Male,Bachelors,Other-service,42,645,<=50K
45,Male,Masters,Other-service,38,17,>50K
55,Male,HS-grad,Other-service,40,1208,>50K
35,Male,Some-college,Other-service,56,930,>50K
18,Female,Bachelors,Craft-repair,34,337,<=50K
41,Male,Some-college,Prof-specialty,45,2027,>50K
25,Male,Masters,Sales,38,66,>50K
29,Male,Some-college,Other-service,56,1834,>50K
18,Male,Bachelors,Other-service,40,2374,>50K
27,Female,Bachelors,Other-service,31,1,<=50K
39,Male,Bachelors,Prof-specialty,49,3701,>50K
33,Female,Bachelors,Prof-specialty,30,416,>50K
37,Male,HS-grad,Other-service,47,1431,<=50K
38,Male,Some-college,Sales,44,137,>50K
52,Male,Some-college,Sales,44,468,>50K
46,Male,Doctorate,Craft-repair,35,222,>50K
54,Male,HS-grad,Exec-managerial,43,32,<=50K
18,Male,HS-grad,Prof-specialty,65,1934,>50K
21,Male,Bachelors,Craft-repair,42,474,<=50K
57,Male,Masters,Sales,41,1272,>50K
26,Male,HS-grad,Exec-managerial,47,267,>50K
23,Male,Bachelors,Other-service,46,404,<=50K
23,Female,HS-grad,Other-service,26,558,<=50K
34,Male,HS-grad,Prof-specialty,40,6247,<=50K
49,Male,Bachelors,Sales,39,245,>50K
18,Male,Some-college,Other-service,45,399,>50K
51,Male,Masters,Craft-repair,33,313,<=50K
24,Male,Bachelors,Prof-specialty,48,188,>50K
54,Male,Doctorate,Other-service,42,1260,>50K
18,Female,HS-grad,Prof-specialty,34,604,<=50K
46,Male,Bachelors,Other-service,44,340,>50K
53,Male,Doctorate,Sales,46,84,>50K
40,Female,Masters,Prof-specialty,23,1249,<=50K
53,Male,Bachelors,Prof-specialty,52,3025,>50K
61,Male,Bachelors,Sales,48,1008,>50K
36,Male,Some-college,Exec-managerial,37,807,<=50K
32,Male,HS-grad,Other-service,39,111,>50K
30,Male,Doctorate,Craft-repair,27,678,<=50K
47,Female,HS-grad,Prof-specialty,31,7678,>50K
34,Male,Bachelors,Exec-managerial,43,1741,<=50K
23,Female,Some-college,Prof-specialty,37,834,<=50K
50,Female,HS-grad,Other-service,6,998,<=50K
22,Female,Some-college,Other-service,10,151,<=50K
31,Male,HS-grad,Craft-repair,53,489,>50K
45,Male,HS-grad,Craft-repair,53,187,>50K
62,Male,Some-college,Other-service,47,412,<=50K
37,Male,Bachelors,Prof-specialty,33,191,>50K
22,Female,HS-grad,Craft-repair,32,743,<=50K
46,Male,HS-grad,Sales,60,132,>50K
38,Male,HS-grad,Craft-repair,47,223,<=50K
33,Female,HS-grad,Other-service,31,205,>50K
35,Male,Some-college,Prof-specialty,41,4269,<=50K
32,Male,Doctorate,Other-service,32,544,>50K
52,Male,Doctorate,Craft-repair,47,1097,>50K
35,Male,HS-grad,Other-service,65,384,<=50K
48,Male,Doctorate,Prof-specialty,40,3018,>50K
26,Male,Masters,Prof-specialty,43,3390,>50K
46,Male,HS-grad,Other-service,50,5,<=50K
49,Male,Doctorate,Craft-repair,33,262,>50K
48,Male,Masters,Exec-managerial,51,278,>50K
34,Female,Masters,Craft-repair,34,644,>50K
46,Male,Bachelors,Sales,35,652,<=50K
45,Female,Doctorate,Other-service,34,1301,>50K
24,Male,HS-grad,Prof-specialty,60,2539,>50K
48,Male,HS-grad,Other-service,41,786,>50K
34,Male,Bachelors,Exec-managerial,33,2205,>50K
19,Female,HS-grad,Other-service,40,132,<=50K
18,Female,HS-grad,Prof-specialty,26,5949,<=50K
24,Female,HS-grad,Exec-managerial,42,27,<=50K
46,Male,Bachelors,Sales,43,114,<=50K
31,Male,Masters,Craft-repair,56,256,>50K
36,Male,HS-grad,Prof-specialty,44,424,<=50K
35,Female,HS-grad,Other-service,27,596,<=50K
49,Female,HS-grad,Prof-specialty,36,235,<=50K
19,Male,HS-grad,Prof-specialty,44,142,>50K
32,Female,HS-grad,Craft-repair,24,1027,<=50K
51,Male,Doctorate,Other-service,44,1068,>50K
32,Male,Masters,Sales,36,428,>50K
23,Male,Bachelors,Sales,33,247,<=50K
21,Male,HS-grad,Prof-specialty,47,38,>50K
25,Male,Masters,Craft-repair,46,2090,>50K
30,Male,Masters,Other-service,58,995,>50K
30,Male,Masters,Other-service,37,2175,>50K
29,Female,Bachelors,Other-service,33,369,<=50K
21,Male,HS-grad,Craft-repair,37,1719,>50K
38,Male,HS-grad,Craft-repair,52,62,<=50K
46,Male,Some-college,Other-service,52,1317,<=50K
28,Male,Some-college,Other-service,48,96,<=50K
36,Male,Bachelors,Other-service,61,776,>50K
18,Male,HS-grad,Other-service,57,762,>50K
53,Male,Masters,Other-service,41,43,<=50K
18,Male,Bachelors,Other-service,51,525,>50K
28,Male,HS-grad,Exec-managerial,43,1242,>50K
34,Male,Bachelors,Prof-specialty,46,4104,>50K
49,Female,HS-grad,Other-service,25,51,<=50K
28,Male,Bachelors,Exec-managerial,45,75,>50K
59,Female,Bachelors,Craft-repair,47,16,>50K
40,Male,HS-grad,Sales,40,72,>50K
31,Male,Bachelors,Craft-repair,32,140,>50K
41,Male,Some-college,Exec-managerial,42,2574,>50K
36,Female,Some-college,Exec-managerial,33,5795,>50K
35,Male,HS-grad,Other-service,46,427,<=50K
41,Male,Bachelors,Prof-specialty,40,8,>50K
30,Male,Bachelors,Other-service,41,1251,>50K
29,Female,Some-college,Other-service,47,394,>50K
37,Female,HS-grad,Prof-specialty,38,2181,<=50K
65,Male,Bachelors,Craft-repair,46,81,>50K
42,Male,Bachelors,Craft-repair,42,1164,>50K
41,Male,HS-grad,Other-service,31,430,<=50K
41,Female,HS-grad,Sales,49,244,<=50K
62,Male,HS-grad,Exec-managerial,40,1103,<=50K
45,Female,Masters,Other-service,30,4,>50K
36,Male,HS-grad,Other-service,59,459,>50K
29,Male,Bachelors,Other-service,52,976,>50K
57,Male,Some-college,Other-service,50,400,<=50K
37,Male,Some-college,Other-service,33,462,>50K
46,Male,HS-grad,Prof-specialty,48,3186,>50K
27,Female,Bachelors,Craft-repair,28,1084,<=50K
33,Female,Some-college,Sales,51,764,<=50K
56,Male,Bachelors,Exec-managerial,47,1548,>50K
42,Male,HS-grad,Sales,52,696,<=50K
48,Female,Some-college,Prof-specialty,34,3058,<=50K
19,Male,Bachelors,Prof-specialty,56,4624,>50K
49,Male,HS-grad,Other-service,48,675,>50K
30,Female,Some-college,Other-service,23,1881,<=50K
33,Male,Bachelors,Other-service,27,428,<=50K
33,Male,HS-grad,Craft-repair,47,701,>50K
42,Male,HS-grad,Craft-repair,39,365,<=50K
31,Male,Bachelors,Craft-repair,62,454,>50K
22,Female,Bachelors,Prof-specialty,42,1610,>50K
50,Female,Doctorate,Prof-specialty,35,1965,>50K
32,Male,Some-college,Craft-repair,54,449,<=50K
19,Male,Doctorate,Other-service,40,216,>50K
65,Male,Bachelors,Prof-specialty,23,790,>50K
33,Male,Some-college,Other-service,40,380,>50K
18,Male,Bachelors,Other-service,48,35,>50K
31,Female,HS-grad,Exec-managerial,18,2969,<=50K
39,Male,Bachelors,Exec-managerial,45,3263,>50K
39,Male,HS-grad,Craft-repair,51,1199,>50K
32,Male,HS-grad,Craft-repair,36,241,<=50K
51,Female,Masters,Craft-repair,35,940,>50K
53,Male,Bachelors,Other-service,51,233,>50K
18,Female,Bachelors,Prof-specialty,32,548,<=50K
42,Male,Some-college,Prof-specialty,63,231,>50K
36,Male,Bachelors,Other-service,38,270,>50K
40,Female,HS-grad,Prof-specialty,36,2364,<=50K
44,Male,Some-college,Other-service,44,198,>50K
25,Female,Bachelors,Craft-repair,36,61,<=50K
29,Male,Bachelors,Other-service,43,2192,>50K
48,Male,Bachelors,Craft-repair,52,571,>50K
38,Male,Bachelors,Exec-managerial,51,265,>50K
27,Male,HS-grad,Sales,34,759,<=50K
65,Female,HS-grad,Craft-repair,27,1946,<=50K
29,Male,HS-grad,Other-service,37,266,<=50K
22,Male,Masters,Exec-managerial,47,782,>50K
40,Male,Bachelors,Sales,48,2560,>50K
18,Male,Bachelors,Craft-repair,54,139,>50K
19,Male,HS-grad,Exec-managerial,54,1165,>50K
52,Female,Bachelors,Other-service,38,139,<=50K
38,Male,Masters,Prof-specialty,48,824,>50K
30,Male,Bachelors,Sales,49,378,<=50K
56,Female,Masters,Exec-managerial,44,1298,>50K
43,Female,HS-grad,Other-service,23,255,>50K
54,Male,Masters,Prof-specialty,41,2806,>50K
32,Male,HS-grad,Other-service,34,254,<=50K
28,Male,HS-grad,Other-service,70,701,>50K
33,Male,HS-grad,Prof-specialty,49,1699,<=50K
26,Female,HS-grad,Other-service,29,409,>50K
23,Female,HS-grad,Other-service,19,822,<=50K
36,Female,Masters,Craft-repair,24,335,>50K
35,Male,Some-college,Sales,42,943,>50K
24,Female,Bachelors,Craft-repair,45,495,>50K
30,Male,Bachelors,Sales,58,872,<=50K
45,Male,Bachelors,Other-service,56,1765,>50K
38,Female,Some-college,Prof-specialty,32,3413,<=50K
46,Male,Bachelors,Sales,38,4945,>50K
27,Female,HS-grad,Exec-managerial,48,82,<=50K
23,Male,Some-college,Other-service,51,5439,>50K
45,Male,HS-grad,Craft-repair,45,271,<=50K
31,Female,Some-college,Exec-managerial,31,1955,<=50K
28,Male,Some-college,Prof-specialty,53,222,>50K
39,Male,Bachelors,Exec-managerial,39,2054,>50K
47,Male,HS-grad,Prof-specialty,40,2507,>50K
27,Male,HS-grad,Prof-specialty,42,934,<=50K
49,Male,Doctorate,Exec-managerial,58,581,>50K
58,Male,Bachelors,Exec-managerial,46,6824,>50K
38,Male,HS-grad,Prof-specialty,52,1618,<=50K
56,Female,Bachelors,Exec-managerial,47,2107,>50K
18,Male,HS-grad,Exec-managerial,41,1308,>50K
28,Male,Bachelors,Other-service,38,19,<=50K
37,Female,HS-grad,Craft-repair,21,307,<=50K
39,Male,Bachelors,Other-service,34,644,<=50K
32,Male,Some-college,Craft-repair,54,64,<=50K
64,Male,Some-college,Sales,49,1117,>50K
49,Male,Doctorate,Exec-managerial,58,2675,>50K
20,Female,Some-college,Other-service,29,6,>50K
53,Male,Masters,Sales,33,272,<=50K
46,Female,HS-grad,Sales,25,1142,<=50K
44,Female,Bachelors,Sales,40,781,>50K
32,Male,HS-grad,Prof-specialty,40,3384,<=50K
19,Male,HS-grad,Other-service,39,260,<=50K
56,Male,HS-grad,Exec-managerial,37,2475,>50K
33,Male,Some-college,Exec-managerial,48,555,<=50K
62,Female,Bachelors,Prof-specialty,40,6220,>50K
60,Male,Bachelors,Other-service,45,153,>50K
51,Female,Masters,Other-service,23,638,<=50K
34,Male,Bachelors,Craft-repair,37,51,>50K
64,Male,Bachelors,Sales,55,1984,>50K
46,Male,HS-grad,Other-service,48,2211,>50K
20,Male,Bachelors,Craft-repair,42,224,>50K
44,Male,Doctorate,Prof-specialty,35,1450,>50K
53,Male,Bachelors,Craft-repair,47,74,<=50K
27,Female,HS-grad,Craft-repair,47,88,<=50K
42,Female,HS-grad,Exec-managerial,27,321,<=50K
25,Female,HS-grad,Prof-specialty,31,1098,<=50K
49,Male,Masters,Craft-repair,46,242,>50K
28,Male,Some-college,Craft-repair,35,422,<=50K
31,Male,HS-grad,Exec-managerial,55,1697,>50K
44,Female,Some-college,Other-service,43,380,<=50K
32,Male,HS-grad,Other-service,27,647,>50K
41,Female,Masters,Other-service,37,546,<=50K
34,Male,HS-grad,Exec-managerial,27,798,>50K
51,Male,Bachelors,Craft-repair,48,341,>50K
48,Male,Bachelors,Other-service,55,542,>50K
20,Male,Doctorate,Exec-managerial,49,3140,>50K
31,Female,Bachelors,Exec-managerial,31,1155,<=50K
22,Male,Bachelors,Sales,56,44,>50K
24,Male,HS-grad,Sales,44,67,<=50K
33,Male,Bachelors,Other-service,35,462,<=50K
37,Male,HS-grad,Sales,46,603,>50K
50,Male,Some-college,Prof-specialty,40,1163,>50K
26,Male,Bachelors,Sales,42,201,>50K
43,Female,Some-college,Other-service,62,548,>50K
41,Male,Bachelors,Exec-managerial,45,7572,>50K
29,Male,Bachelors,Prof-specialty,31,229,>50K
39,Male,Bachelors,Other-service,47,434,>50K
40,Female,Bachelors,Craft-repair,24,122,<=50K
32,Male,Bachelors,Craft-repair,62,1130,>50K
34,Female,Bachelors,Other-service,20,146,>50K
37,Male,Some-college,Other-service,49,462,>50K
44,Female,Masters,Other-service,39,1279,>50K
49,Female,Some-college,Other-service,38,418,>50K
54,Female,HS-grad,Sales,34,572,<=50K
21,Male,Bachelors,Exec-managerial,32,1514,>50K
33,Male,Masters,Prof-specialty,47,772,<=50K
49,Male,Bachelors,Other-service,46,153,>50K
44,Male,Bachelors,Craft-repair,59,1426,>50K
37,Female,Bachelors,Other-service,44,132,<=50K
61,Male,Bachelors,Prof-specialty,49,6737,>50K
32,Female,HS-grad,Craft-repair,43,79,<=50K
65,Female,Bachelors,Craft-repair,21,837,<=50K
62,Female,HS-grad,Exec-managerial,30,4879,<=50K
43,Female,Some-college,Exec-managerial,45,91,>50K
43,Male,Doctorate,Other-service,57,251,>50K
41,Male,Some-college,Other-service,53,597,<=50K
29,Male,Bachelors,Craft-repair,41,1391,>50K
44,Male,Bachelors,Sales,45,448,>50K
21,Male,Bachelors,Other-service,41,219,<=50K
18,Male,Some-college,Other-service,28,359,<=50K
26,Male,Bachelors,Prof-specialty,47,1370,>50K
63,Male,Some-college,Exec-managerial,47,2532,>50K
59,Male,Doctorate,Other-service,48,357,>50K
42,Male,HS-grad,Sales,43,371,>50K
35,Male,Some-college,Other-service,42,110,<=50K
55,Male,HS-grad,Other-service,39,310,>50K
56,Male,Masters,Prof-specialty,40,1987,>50K
31,Male,Bachelors,Prof-specialty,40,112,>50K
37,Male,Some-college,Craft-repair,36,806,<=50K
25,Female,Bachelors,Sales,40,3,>50K
54,Male,HS-grad,Craft-repair,57,1787,>50K
52,Male,Masters,Other-service,53,822,>50K
28,Male,Bachelors,Other-service,46,71,>50K
24,Female,HS-grad,Other-service,22,1022,<=50K
65,Male,Bachelors,Other-service,41,267,>50K
43,Female,Bachelors,Craft-repair,33,1189,<=50K
21,Female,Masters,Craft-repair,31,20,>50K
29,Female,HS-grad,Exec-managerial,32,214,>50K
22,Male,Bachelors,Prof-specialty,41,269,>50K
48,Male,Some-college,Other-service,48,281,>50K
18,Female,Some-college,Prof-specialty,39,1014,<=50K
23,Female,Some-college,Other-service,29,559,<=50K
54,Male,HS-grad,Other-service,61,116,<=50K
34,Female,Bachelors,Sales,41,1140,<=50K
24,Female,Bachelors,Craft-repair,39,67,<=50K
18,Male,Some-college,Exec-managerial,51,532,>50K
30,Male,Masters,Exec-managerial,37,1077,>50K
40,Male,Masters,Craft-repair,50,239,>50K
55,Female,Masters,Exec-managerial,32,3277,>50K
36,Male,Bachelors,Prof-specialty,43,4800,>50K
23,Female,Some-college,Sales,37,110,<=50K
42,Male,Bachelors,Craft-repair,45,74,>50K
37,Male,HS-grad,Other-service,58,547,>50K
21,Female,Bachelors,Exec-managerial,47,60,<=50K
43,Male,Masters,Other-service,57,400,>50K
55,Female,Masters,Craft-repair,30,930,<=50K
39,Male,HS-grad,Prof-specialty,56,1346,<=50K
32,Male,HS-grad,Other-service,46,725,>50K
18,Male,HS-grad,Prof-specialty,52,2498,<=50K
28,Male,Bachelors,Craft-repair,43,836,>50K
49,Female,Bachelors,Exec-managerial,48,2069,>50K
19,Male,Doctorate,Prof-specialty,54,525,>50K
42,Male,Some-college,Craft-repair,41,195,<=50K
24,Male,Some-college,Sales,56,200,>50K
22,Female,HS-grad,Other-service,30,1,<=50K
18,Male,Masters,Sales,42,391,>50K
42,Male,Some-college,Prof-specialty,52,945,<=50K
50,Male,Bachelors,Craft-repair,37,320,>50K
30,Male,Masters,Other-service,40,470,>50K
27,Female,Masters,Craft-repair,34,705,>50K
26,Male,Some-college,Craft-repair,45,324,>50K
36,Male,HS-grad,Craft-repair,60,671,>50K
47,Male,HS-grad,Other-service,45,114,<=50K
42,Female,HS-grad,Exec-managerial,43,3883,<=50K
48,Female,Doctorate,Craft-repair,26,876,>50K
37,Female,Masters,Exec-managerial,31,3395,>50K
38,Male,Masters,Other-service,55,325,>50K
22,Female,HS-grad,Other-service,22,81,<=50K
30,Male,Bachelors,Other-service,50,657,>50K
48,Male,Masters,Sales,40,1647,>50K
24,Male,HS-grad,Other-service,35,1413,>50K
37,Female,HS-grad,Other-service,22,140,<=50K
32,Male,Bachelors,Prof-specialty,47,1718,<=50K
65,Male,HS-grad,Sales,32,590,<=50K
29,Female,Bachelors,Other-service,30,80,<=50K
39,Male,Some-college,Craft-repair,57,567,>50K
37,Male,Masters,Craft-repair,53,364,>50K
39,Male,Bachelors,Other-service,48,82,>50K
36,Male,Some-college,Exec-managerial,44,1105,>50K
38,Male,Some-college,Other-service,45,648,>50K
47,Female,Bachelors,Other-service,41,85,>50K
40,Male,Masters,Craft-repair,38,242,<=50K
52,Female,Doctorate,Sales,50,53,>50K
42,Female,Masters,Prof-specialty,37,708,<=50K
18,Male,HS-grad,Prof-specialty,42,370,>50K
49,Male,HS-grad,Sales,38,248,>50K
39,Male,HS-grad,Other-service,53,585,>50K
38,Male,Bachelors,Prof-specialty,46,480,>50K
32,Female,HS-grad,Exec-managerial,30,3396,>50K
41,Male,Bachelors,Exec-managerial,32,2183,<=50K
24,Male,Bachelors,Craft-repair,59,131,<=50K
53,Male,HS-grad,Sales,56,680,>50K
21,Male,Bachelors,Other-service,49,21,<=50K
53,Female,Masters,Other-service,24,179,>50K
42,Female,HS-grad,Prof-specialty,38,6263,>50K
45,Male,Bachelors,Other-service,51,267,<=50K
34,Male,Some-college,Other-service,42,1568,<=50K
29,Male,Bachelors,Prof-specialty,50,910,<=50K
41,Male,HS-grad,Other-service,49,255,>50K
48,Male,Some-college,Other-service,52,776,>50K
27,Male,Bachelors,Sales,52,232,<=50K
48,Male,Some-college,Other-service,33,280,<=50K
32,Male,HS-grad,Craft-repair,40,791,<=50K
29,Male,Bachelors,Prof-specialty,36,50,>50K
35,Male,HS-grad,Sales,52,1237,>50K
52,Male,Some-college,Exec-managerial,37,1019,>50K
32,Male,Doctorate,Exec-managerial,39,452,>50K
38,Male,HS-grad,Prof-specialty,44,3929,>50K
39,Female,HS-grad,Other-service,26,235,<=50K
42,Female,Some-college,Sales,29,12,<=50K
46,Male,Some-college,Prof-specialty,59,1131,>50K
45,Female,Some-college,Sales,26,438,>50K
55,Male,HS-grad,Craft-repair,48,271,<=50K
40,Male,Masters,Other-service,43,3405,>50K
46,Female,Some-college,Other-service,47,84,<=50K
36,Male,Some-college,Sales,58,238,>50K
24,Male,HS-grad,Other-service,54,427,>50K
43,Male,HS-grad,Exec-managerial,38,3421,>50K
43,Male,HS-grad,Other-service,42,1333,<=50K
41,Female,HS-grad,Craft-repair,30,1061,<=50K
29,Male,HS-grad,Exec-managerial,32,409,<=50K
30,Male,Bachelors,Sales,52,26,<=50K
38,Female,HS-grad,Other-service,35,83,>50K
31,Male,Some-college,Prof-specialty,52,2995,<=50K
58,Male,Doctorate,Prof-specialty,50,2448,>50K
45,Female,Some-college,Craft-repair,30,237,<=50K
26,Male,Some-college,Prof-specialty,34,5551,>50K
30,Male,Some-college,Other-service,42,864,<=50K
23,Male,Some-college,Other-service,45,225,>50K
35,Male,Masters,Sales,37,221,>50K
58,Female,Bachelors,Prof-specialty,25,1124,>50K
51,Female,Bachelors,Other-service,49,183,<=50K
30,Male,Some-college,Prof-specialty,57,393,>50K
35,Female,Some-college,Craft-repair,34,20,>50K
41,Male,HS-grad,Other-service,65,1253,<=50K
35,Male,Doctorate,Sales,54,75,>50K
18,Male,HS-grad,Exec-managerial,43,2624,<=50K
29,Male,Bachelors,Other-service,44,124,>50K
54,Male,Bachelors,Other-service,46,293,<=50K
22,Male,HS-grad,Prof-specialty,45,427,>50K
40,Male,Some-college,Prof-specialty,61,1195,>50K
20,Female,Bachelors,Exec-managerial,31,1826,>50K
42,Male,HS-grad,Other-service,46,12,<=50K
36,Male,Masters,Other-service,37,460,>50K
50,Male,Bachelors,Prof-specialty,51,36,>50K
31,Male,Some-college,Other-service,47,1030,<=50K
59,Female,HS-grad,Other-service,41,226,<=50K
47,Female,HS-grad,Prof-specialty,20,7543,<=50K
58,Male,Some-college,Other-service,37,451,<=50K
39,Male,HS-grad,Other-service,42,852,<=50K
39,Female,Bachelors,Exec-managerial,22,480,<=50K
33,Male,Bachelors,Exec-managerial,28,834,>50K
18,Male,HS-grad,Other-service,36,191,<=50K
40,Female,Some-college,Prof-specialty,42,2079,>50K
26,Male,Doctorate,Exec-managerial,46,111,>50K
36,Male,Masters,Other-service,59,1460,>50K
18,Female,Bachelors,Other-service,23,305,<=50K
19,Female,Bachelors,Sales,40,368,>50K
47,Male,Masters,Exec-managerial,47,1550,>50K
33,Male,Some-college,Other-service,42,106,<=50K
26,Male,Bachelors,Craft-repair,34,1338,>50K
41,Male,HS-grad,Exec-managerial,41,1052,>50K
35,Male,HS-grad,Exec-managerial,48,3,>50K
46,Female,Doctorate,Other-service,38,539,>50K
46,Male,HS-grad,Exec-managerial,56,5201,>50K
53,Male,Bachelors,Other-service,39,2396,<=50K
39,Male,Bachelors,Other-service,51,416,>50K
51,Female,Some-college,Exec-managerial,39,2214,>50K
45,Male,Masters,Other-service,47,948,>50K
53,Female,Bachelors,Prof-specialty,27,262,>50K
38,Male,Bachelors,Prof-specialty,49,1046,>50K
44,Female,HS-grad,Craft-repair,35,346,<=50K
18,Male,Some-college,Craft-repair,39,3959,<=50K
41,Male,HS-grad,Other-service,36,1183,>50K
25,Female,Masters,Sales,37,248,<=50K
36,Male,HS-grad,Other-service,43,1285,<=50K
60,Male,Some-college,Sales,53,274,>50K
18,Male,Bachelors,Other-service,43,2379,>50K
37,Male,Masters,Prof-specialty,38,4241,>50K
41,Female,Masters,Sales,28,120,<=50K
21,Male,HS-grad,Other-service,56,619,>50K
45,Male,Bachelors,Other-service,39,123,<=50K
58,Female,Bachelors,Prof-specialty,18,1092,<=50K
19,Male,Masters,Exec-managerial,41,4348,>50K
41,Female,HS-grad,Other-service,33,206,<=50K
39,Male,Masters,Sales,49,200,>50K
51,Male,Some-college,Prof-specialty,50,1090,>50K
43,Male,Masters,Sales,39,456,>50K
26,Male,HS-grad,Sales,46,1352,<=50K
30,Male,HS-grad,Other-service,55,1399,>50K
49,Male,Bachelors,Sales,50,1241,<=50K
44,Female,Bachelors,Prof-specialty,23,2173,>50K
18,Male,HS-grad,Exec-managerial,28,749,>50K
23,Male,Some-college,Other-service,40,448,>50K
50,Male,Some-college,Exec-managerial,37,1149,>50K
31,Male,Bachelors,Other-service,55,263,>50K
28,Female,Some-college,Sales,40,91,<=50K
29,Male,HS-grad,Exec-managerial,44,9286,>50K
30,Male,Bachelors,Craft-repair,30,503,<=50K
36,Female,Bachelors,Prof-specialty,28,8036,>50K
48,Male,Doctorate,Prof-specialty,44,1626,>50K
26,Female,HS-grad,Craft-repair,35,122,<=50K
48,Male,HS-grad,Craft-repair,56,787,>50K
41,Female,HS-grad,Craft-repair,29,210,<=50K
43,Female,HS-grad,Other-service,31,497,>50K
18,Female,HS-grad,Prof-specialty,30,538,<=50K
37,Female,Bachelors,Prof-specialty,44,387,>50K
29,Male,Doctorate,Craft-repair,47,383,>50K
26,Male,HS-grad,Other-service,44,194,<=50K
38,Male,HS-grad,Other-service,39,69,<=50K
37,Male,Masters,Exec-managerial,42,4783,>50K
30,Female,HS-grad,Exec-managerial,42,549,<=50K
30,Male,Some-college,Craft-repair,54,730,>50K
31,Male,Some-college,Sales,48,1154,<=50K
51,Female,Bachelors,Other-service,40,143,<=50K
45,Female,Some-college,Other-service,16,1603,<=50K
32,Male,Bachelors,Prof-specialty,51,1440,>50K
63,Male,Doctorate,Prof-specialty,45,624,>50K
42,Male,HS-grad,Other-service,38,214,<=50K
47,Female,Masters,Other-service,30,103,<=50K
37,Female,Doctorate,Craft-repair,42,79,>50K
32,Male,HS-grad,Other-service,47,629,<=50K
18,Male,HS-grad,Sales,48,3,>50K
43,Male,Masters,Other-service,55,121,>50K
47,Male,HS-grad,Other-service,42,571,<=50K
33,Male,Some-college,Other-service,42,11628,>50K
47,Female,Bachelors,Craft-repair,24,308,<=50K
21,Female,HS-grad,Other-service,4,276,<=50K
49,Male,HS-grad,Other-service,58,127,<=50K
24,Male,Bachelors,Sales,47,2204,>50K
30,Female,Masters,Prof-specialty,35,3833,>50K
62,Female,Bachelors,Other-service,36,194,<=50K
40,Female,Some-college,Other-service,34,500,<=50K
29,Male,HS-grad,Other-service,51,1311,<=50K
47,Female,Some-college,Sales,39,345,<=50K
42,Female,Masters,Exec-managerial,34,1671,>50K
43,Male,HS-grad,Exec-managerial,46,4036,>50K
48,Male,HS-grad,Craft-repair,44,175,>50K
37,Female,Bachelors,Craft-repair,30,512,<=50K
30,Female,Some-college,Other-service,30,50,<=50K
32,Male,Bachelors,Other-service,40,63,>50K
21,Male,HS-grad,Prof-specialty,43,59,>50K
40,Male,Bachelors,Other-service,59,416,>50K
18,Female,HS-grad,Craft-repair,36,111,<=50K
44,Male,HS-grad,Craft-repair,43,207,<=50K
35,Male,Bachelors,Other-service,52,297,<=50K
48,Male,Some-college,Other-service,50,324,>50K
59,Male,HS-grad,Other-service,46,91,>50K
38,Male,Doctorate,Prof-specialty,47,1873,>50K
39,Female,HS-grad,Other-service,50,1160,>50K
18,Male,Masters,Other-service,66,97,>50K
22,Female,Bachelors,Other-service,35,318,>50K
39,Male,HS-grad,Craft-repair,45,5374,>50K
62,Female,Bachelors,Other-service,39,540,>50K
38,Male,HS-grad,Exec-managerial,38,3041,>50K
46,Male,Some-college,Exec-managerial,48,1557,<=50K
31,Male,Bachelors,Prof-specialty,58,4650,>50K
58,Female,HS-grad,Other-service,47,186,<=50K
38,Male,Some-college,Other-service,43,1144,<=50K
38,Male,HS-grad,Sales,55,125,<=50K
41,Male,HS-grad,Other-service,46,38,>50K
54,Male,Masters,Sales,44,745,>50K
37,Female,HS-grad,Other-service,18,545,<=50K
36,Male,HS-grad,Craft-repair,43,426,<=50K
25,Male,Some-college,Prof-specialty,48,3833,<=50K
24,Female,Bachelors,Other-service,30,228,<=50K
36,Male,Some-college,Prof-specialty,45,56,>50K
53,Male,HS-grad,Craft-repair,58,104,>50K
41,Male,Bachelors,Other-service,60,917,>50K
39,Male,HS-grad,Other-service,38,710,<=50K
46,Male,Masters,Prof-specialty,39,1988,>50K
41,Male,Bachelors,Other-service,38,228,>50K
45,Male,HS-grad,Prof-specialty,43,313,>50K
43,Female,Doctorate,Exec-managerial,26,5476,>50K
51,Male,Some-college,Craft-repair,32,561,>50K
36,Male,Bachelors,Exec-managerial,25,200,>50K
27,Male,HS-grad,Exec-managerial,37,216,>50K
37,Male,Masters,Prof-specialty,51,4495,>50K
42,Male,Some-college,Exec-managerial,54,810,>50K
38,Male,Bachelors,Exec-managerial,64,1352,>50K
20,Male,Bachelors,Craft-repair,47,844,<=50K
47,Female,Doctorate,Exec-managerial,33,916,<=50K
29,Male,Masters,Other-service,49,69,>50K
53,Female,Some-college,Craft-repair,23,479,<=50K
30,Female,Some-college,Exec-managerial,38,146,<=50K
45,Female,Some-college,Prof-specialty,41,1278,>50K
65,Male,HS-grad,Prof-specialty,46,845,>50K
22,Male,Bachelors,Prof-specialty,45,644,>50K
39,Male,Bachelors,Craft-repair,52,1251,>50K
35,Female,Some-college,Craft-repair,35,265,>50K
49,Female,Bachelors,Prof-specialty,30,902,<=50K
47,Male,HS-grad,Sales,51,201,>50K
54,Male,Bachelors,Other-service,54,456,>50K
54,Male,Some-college,Other-service,45,419,<=50K
58,Male,Some-college,Sales,44,63,<=50K
44,Male,Bachelors,Craft-repair,40,270,>50K
41,Male,Masters,Prof-specialty,42,8808,>50K
44,Male,Masters,Sales,49,21,>50K
32,Male,Some-college,Other-service,34,114,<=50K
45,Male,HS-grad,Craft-repair,44,619,>50K
55,Male,HS-grad,Sales,39,4538,>50K
52,Male,Masters,Other-service,47,688,>50K
19,Male,Bachelors,Sales,59,1487,>50K
45,Male,HS-grad,Prof-specialty,48,5038,>50K
25,Female,Some-college,Craft-repair,41,148,<=50K
23,Male,HS-grad,Exec-managerial,44,2981,<=50K
36,Male,Some-college,Other-service,33,2562,>50K
47,Male,Bachelors,Prof-specialty,50,1202,>50K
34,Male,HS-grad,Prof-specialty,35,3299,>50K
18,Female,Bachelors,Craft-repair,41,80,>50K
24,Male,Bachelors,Exec-managerial,38,4337,>50K
36,Male,HS-grad,Other-service,36,623,>50K
48,Male,Some-college,Other-service,45,1640,>50K
48,Male,Masters,Craft-repair,39,1010,>50K
44,Male,HS-grad,Other-service,46,729,>50K
53,Male,HS-grad,Sales,51,402,>50K
64,Male,Some-college,Other-service,56,980,>50K
51,Female,Bachelors,Craft-repair,31,1721,<=50K
40,Female,Bachelors,Craft-repair,29,550,<=50K
60,Female,Bachelors,Sales,36,268,<=50K
27,Female,HS-grad,Prof-specialty,27,3193,<=50K
18,Male,Some-college,Prof-specialty,46,4852,>50K
50,Male,Bachelors,Exec-managerial,45,146,<=50K
47,Female,Masters,Craft-repair,39,270,<=50K
36,Female,Doctorate,Prof-specialty,41,1525,>50K
18,Female,HS-grad,Craft-repair,28,310,<=50K
42,Male,HS-grad,Other-service,42,365,>50K
19,Male,Masters,Other-service,44,2255,>50K
21,Female,Bachelors,Exec-managerial,49,10690,>50K
34,Female,Some-college,Exec-managerial,28,329,>50K
56,Female,Doctorate,Other-service,40,440,<=50K
40,Female,HS-grad,Exec-managerial,38,688,>50K
57,Male,HS-grad,Other-service,57,611,>50K
40,Male,Bachelors,Craft-repair,58,887,<=50K
25,Male,Bachelors,Craft-repair,48,2176,>50K
25,Female,HS-grad,Exec-managerial,33,497,<=50K
51,Male,Masters,Prof-specialty,59,1973,>50K
44,Female,HS-grad,Craft-repair,25,346,<=50K
43,Male,Masters,Exec-managerial,54,915,>50K
32,Female,HS-grad,Prof-specialty,32,1760,<=50K
26,Male,Masters,Other-service,53,449,>50K
33,Male,Some-college,Craft-repair,44,287,<=50K
34,Male,Bachelors,Other-service,39,400,>50K
62,Female,Bachelors,Sales,51,672,>50K
55,Male,HS-grad,Exec-managerial,40,1998,>50K
18,Male,Some-college,Other-service,60,342,<=50K
37,Female,Masters,Sales,32,297,>50K
55,Male,Bachelors,Exec-managerial,52,3012,>50K
45,Male,Some-college,Sales,54,529,>50K
53,Female,Some-college,Other-service,32,1220,<=50K
18,Female,Bachelors,Other-service,37,58,<=50K
31,Male,HS-grad,Exec-managerial,40,470,<=50K
49,Male,Masters,Other-service,53,1381,>50K
45,Female,Bachelors,Other-service,35,88,<=50K
52,Male,Some-college,Other-service,39,344,>50K
49,Male,Masters,Craft-repair,44,446,>50K
50,Male,Some-college,Exec-managerial,55,1809,>50K
32,Male,HS-grad,Prof-specialty,26,1678,>50K
18,Female,Doctorate,Craft-repair,41,260,<=50K
37,Male,Bachelors,Other-service,35,2622,>50K
35,Male,Masters,Exec-managerial,49,1325,>50K
30,Male,HS-grad,Other-service,43,513,<=50K
39,Female,Doctorate,Sales,39,477,<=50K
28,Male,HS-grad,Prof-specialty,44,410,<=50K
49,Male,Some-college,Sales,49,195,>50K
31,Female,Some-college,Exec-managerial,34,2859,<=50K
49,Male,Some-college,Craft-repair,34,1086,<=50K
27,Female,Bachelors,Craft-repair,28,362,<=50K
38,Male,Bachelors,Craft-repair,50,103,<=50K
42,Male,Bachelors,Other-service,37,2186,>50K
27,Female,Masters,Other-service,21,204,<=50K
27,Male,HS-grad,Other-service,57,119,>50K
32,Male,Bachelors,Craft-repair,51,788,>50K
55,Female,Doctorate,Exec-managerial,35,1077,<=50K
41,Female,Some-college,Exec-managerial,41,133,>50K
21,Female,HS-grad,Prof-specialty,35,3581,<=50K
47,Male,Bachelors,Craft-repair,41,570,>50K
42,Male,Some-college,Exec-managerial,35,2148,>50K
35,Male,HS-grad,Craft-repair,42,468,<=50K
51,Female,Bachelors,Sales,31,515,<=50K
31,Male,HS-grad,Other-service,43,3063,>50K
35,Male,HS-grad,Craft-repair,53,532,<=50K
45,Female,Masters,Exec-managerial,35,817,<=50K
55,Male,HS-grad,Prof-specialty,47,1014,>50K
38,Female,Bachelors,Prof-specialty,37,3642,>50K
45,Male,HS-grad,Prof-specialty,51,5499,<=50K
30,Male,Bachelors,Sales,52,20,<=50K
54,Female,Masters,Prof-specialty,35,2091,>50K
45,Male,Bachelors,Other-service,48,1665,>50K
44,Male,Some-college,Prof-specialty,56,2743,>50K
22,Male,HS-grad,Other-service,45,676,>50K
21,Female,Doctorate,Other-service,39,248,<=50K
25,Male,HS-grad,Exec-managerial,41,3150,>50K
18,Male,HS-grad,Other-service,55,229,>50K
18,Male,Masters,Other-service,41,54,<=50K
25,Female,Masters,Other-service,48,986,<=50K
18,Female,Some-college,Prof-specialty,29,387,<=50K
37,Male,HS-grad,Exec-managerial,37,5376,>50K
53,Male,HS-grad,Prof-specialty,56,6107,>50K
38,Male,Some-college,Sales,48,939,>50K
37,Male,Some-college,Other-service,56,192,>50K
32,Male,HS-grad,Sales,46,329,<=50K
58,Male,Masters,Craft-repair,34,44,>50K
40,Female,Bachelors,Other-service,43,161,<=50K
37,Female,Some-college,Sales,45,436,<=50K
44,Female,HS-grad,Craft-repair,38,65,<=50K
56,Female,Bachelors,Other-service,37,160,>50K
43,Male,Some-college,Other-service,40,361,>50K
53,Male,Some-college,Craft-repair,37,336,>50K
35,Female,Bachelors,Exec-managerial,26,200,>50K
29,Female,Some-college,Craft-repair,23,932,<=50K
18,Female,Masters,Other-service,40,885,<=50K
60,Male,Some-college,Craft-repair,47,637,<=50K
29,Female,Some-college,Other-service,38,317,<=50K
38,Male,HS-grad,Other-service,43,529,>50K
36,Female,Masters,Other-service,34,220,<=50K
37,Male,Some-college,Prof-specialty,41,980,<=50K
33,Male,Bachelors,Other-service,61,3207,>50K
44,Male,Masters,Prof-specialty,43,1702,>50K
57,Male,Masters,Other-service,39,185,>50K
49,Female,Doctorate,Craft-repair,41,903,>50K
34,Male,Masters,Prof-specialty,42,594,>50K
27,Male,Masters,Other-service,37,210,>50K
22,Female,Bachelors,Other-service,39,190,<=50K
29,Female,Bachelors,Prof-specialty,27,239,<=50K
39,Male,Some-college,Prof-specialty,51,726,>50K
42,Female,Masters,Sales,37,142,>50K
22,Female,Some-college,Sales,37,380,<=50K
32,Male,Doctorate,Craft-repair,59,42,<=50K
45,Female,Bachelors,Other-service,36,391,>50K
49,Male,HS-grad,Exec-managerial,53,1105,>50K
45,Male,Some-college,Other-service,46,637,<=50K
18,Male,Masters,Sales,56,96,>50K
25,Male,Bachelors,Other-service,47,496,>50K
28,Female,Bachelors,Other-service,25,167,<=50K
40,Male,HS-grad,Exec-managerial,33,8242,>50K
59,Male,Some-college,Other-service,45,79,<=50K
45,Male,Bachelors,Other-service,46,718,>50K
42,Male,HS-grad,Exec-managerial,57,1011,>50K
25,Male,Some-college,Other-service,42,961,<=50K
61,Male,Masters,Other-service,47,1055,>50K
41,Female,HS-grad,Prof-specialty,28,1445,<=50K
57,Female,Some-college,Other-service,51,21,<=50K
41,Male,Some-college,Prof-specialty,43,3996,>50K
37,Male,Bachelors,Prof-specialty,45,437,>50K
37,Female,Some-college,Other-service,24,67,>50K
30,Male,Doctorate,Craft-repair,56,3443,>50K
49,Male,Some-college,Craft-repair,36,2740,<=50K
49,Male,Bachelors,Prof-specialty,46,1303,>50K
47,Female,Bachelors,Sales,35,964,<=50K
29,Female,HS-grad,Other-service,32,302,<=50K
50,Male,HS-grad,Prof-specialty,46,555,>50K
36,Male,Bachelors,Prof-specialty,54,269,>50K
44,Male,Bachelors,Other-service,57,1675,>50K
20,Male,Bachelors,Craft-repair,54,126,<=50K
21,Male,Bachelors,Sales,51,93,<=50K
57,Male,HS-grad,Exec-managerial,57,848,>50K
34,Male,Some-college,Other-service,46,1336,>50K
43,Male,Bachelors,Sales,42,291,>50K
34,Male,HS-grad,Craft-repair,55,5806,<=50K
50,Female,HS-grad,Prof-specialty,24,684,<=50K
46,Male,Masters,Other-service,33,560,<=50K
47,Male,Bachelors,Craft-repair,50,307,<=50K
26,Male,HS-grad,Other-service,60,325,<=50K
28,Male,HS-grad,Prof-specialty,40,494,>50K
23,Female,Bachelors,Exec-managerial,34,746,<=50K
37,Male,Bachelors,Other-service,35,186,<=50K
18,Male,Doctorate,Other-service,46,104,>50K
31,Female,HS-grad,Prof-specialty,27,166,<=50K
41,Female,Masters,Exec-managerial,39,2276,>50K
49,Male,HS-grad,Craft-repair,43,548,>50K
26,Male,HS-grad,Craft-repair,41,36,<=50K
61,Male,Some-college,Exec-managerial,61,1144,>50K
44,Female,Masters,Exec-managerial,29,1711,>50K
51,Female,Some-college,Sales,25,73,<=50K
24,Male,Bachelors,Prof-specialty,44,1292,>50K
38,Male,Bachelors,Other-service,52,151,>50K
48,Female,Bachelors,Exec-managerial,51,4193,>50K
35,Male,Some-college,Sales,48,426,>50K
23,Male,Some-college,Other-service,36,1210,>50K
34,Female,Bachelors,Prof-specialty,30,5825,>50K
65,Male,Masters,Craft-repair,43,963,>50K
38,Male,HS-grad,Craft-repair,60,141,>50K
40,Male,HS-grad,Craft-repair,50,4,<=50K
25,Male,Some-college,Exec-managerial,49,282,>50K
24,Male,Bachelors,Other-service,36,5799,>50K
37,Male,Some-college,Other-service,57,465,<=50K
25,Female,Doctorate,Craft-repair,31,181,<=50K
33,Male,HS-grad,Prof-specialty,52,1931,>50K
52,Female,HS-grad,Other-service,35,210,<=50K
28,Male,Masters,Exec-managerial,38,1506,>50K
39,Male,HS-grad,Craft-repair,38,110,>50K
65,Male,Masters,Other-service,45,93,>50K
55,Male,Bachelors,Other-service,50,443,>50K
18,Male,HS-grad,Prof-specialty,57,1303,>50K
53,Male,Bachelors,Prof-specialty,47,302,>50K
33,Male,HS-grad,Craft-repair,42,96,<=50K
26,Male,Masters,Craft-repair,40,798,>50K
39,Female,Doctorate,Other-service,36,1487,>50K
18,Male,HS-grad,Craft-repair,45,48,<=50K
44,Female,Masters,Other-service,34,459,>50K
45,Female,Doctorate,Craft-repair,38,705,<=50K
38,Male,Some-college,Exec-managerial,52,1334,<=50K
55,Female,Masters,Prof-specialty,38,770,>50K
42,Female,HS-grad,Craft-repair,42,1993,<=50K
18,Female,Some-college,Sales,43,656,<=50K
21,Female,Masters,Other-service,27,239,<=50K
38,Male,Some-college,Craft-repair,41,1048,>50K
44,Male,HS-grad,Craft-repair,42,205,>50K
51,Male,HS-grad,Other-service,39,109,>50K
51,Female,Some-college,Exec-managerial,38,3312,<=50K
63,Male,Bachelors,Other-service,52,2670,>50K
18,Male,Doctorate,Craft-repair,42,1105,>50K
27,Female,Doctorate,Prof-specialty,38,1783,>50K
45,Male,Some-college,Other-service,57,106,<=50K
25,Female,HS-grad,Other-service,28,577,<=50K
40,Male,Masters,Other-service,40,178,>50K
29,Male,Bachelors,Exec-managerial,43,163,>50K
61,Female,HS-grad,Sales,29,64,<=50K
41,Male,Bachelors,Craft-repair,40,1177,>50K
37,Male,HS-grad,Craft-repair,41,409,>50K
47,Male,Bachelors,Exec-managerial,58,7832,>50K
46,Female,Some-college,Other-service,38,281,<=50K
46,Female,HS-grad,Prof-specialty,42,2087,>50K
25,Male,HS-grad,Exec-managerial,50,4042,>50K
28,Male,HS-grad,Sales,39,38,<=50K
33,Male,Bachelors,Craft-repair,36,1766,>50K
54,Female,HS-grad,Exec-managerial,20,4380,<=50K
50,Male,Masters,Other-service,29,441,>50K
31,Male,Bachelors,Prof-specialty,32,3111,>50K
35,Male,HS-grad,Craft-repair,48,105,>50K
32,Female,HS-grad,Other-service,35,367,<=50K
52,Male,Bachelors,Other-service,44,357,>50K
41,Female,HS-grad,Prof-specialty,33,1091,<=50K
43,Male,Some-college,Sales,43,445,<=50K
46,Male,HS-grad,Exec-managerial,37,922,>50K
31,Female,HS-grad,Sales,41,234,<=50K
42,Male,HS-grad,Other-service,46,632,<=50K
35,Male,Some-college,Exec-managerial,48,288,>50K
18,Male,HS-grad,Craft-repair,35,214,>50K
31,Female,HS-grad,Other-service,23,298,<=50K
29,Female,HS-grad,Exec-managerial,40,1214,<=50K
35,Male,HS-grad,Other-service,50,95,<=50K
42,Male,Masters,Craft-repair,53,197,>50K
62,Female,Bachelors,Exec-managerial,32,2231,>50K
36,Male,Masters,Other-service,34,196,>50K
60,Male,Bachelors,Craft-repair,45,813,>50K
27,Female,Bachelors,Craft-repair,43,23,<=50K
42,Female,Bachelors,Prof-specialty,38,2826,<=50K
49,Male,HS-grad,Other-service,46,108,<=50K
26,Male,HS-grad,Sales,31,597,<=50K
23,Female,Masters,Craft-repair,36,183,>50K
59,Male,Masters,Sales,50,21,>50K
18,Female,Some-college,Other-service,30,108,<=50K
21,Male,Bachelors,Other-service,44,327,>50K
24,Female,Doctorate,Other-service,26,264,<=50K
21,Female,HS-grad,Other-service,31,450,<=50K
44,Female,Some-college,Craft-repair,31,546,<=50K
44,Male,Bachelors,Craft-repair,41,209,>50K
37,Male,Some-college,Other-service,40,243,<=50K
45,Male,Bachelors,Prof-specialty,36,3779,<=50K
22,Female,Bachelors,Exec-managerial,35,2092,<=50K
25,Male,Bachelors,Exec-managerial,39,632,>50K
19,Male,HS-grad,Exec-managerial,60,1357,>50K
36,Male,Bachelors,Exec-managerial,35,3446,<=50K
35,Male,HS-grad,Prof-specialty,38,2729,>50K
37,Male,Bachelors,Exec-managerial,45,812,>50K
34,Female,Some-college,Prof-specialty,30,1179,>50K
30,Male,Bachelors,Prof-specialty,45,9817,>50K
52,Female,HS-grad,Craft-repair,11,1012,<=50K
54,Female,Some-college,Sales,18,267,<=50K
34,Female,Bachelors,Prof-specialty,38,311,>50K
53,Male,Bachelors,Other-service,45,641,>50K
36,Female,HS-grad,Exec-managerial,29,4286,>50K
49,Male,HS-grad,Craft-repair,44,266,>50K
29,Male,Bachelors,Sales,49,33,<=50K
53,Female,HS-grad,Craft-repair,36,64,<=50K
49,Male,HS-grad,Craft-repair,45,80,<=50K
60,Male,Bachelors,Prof-specialty,37,556,>50K
23,Male,HS-grad,Exec-managerial,64,739,>50K
34,Male,Some-college,Sales,35,1180,>50K
43,Male,Bachelors,Other-service,38,364,>50K
41,Male,Masters,Exec-managerial,31,2016,>50K
43,Female,Bachelors,Other-service,28,1735,>50K
43,Male,Some-college,Sales,30,313,>50K
38,Female,Some-college,Sales,26,581,<=50K
24,Male,HS-grad,Prof-specialty,48,3120,>50K
43,Male,Some-college,Other-service,43,1049,>50K
35,Male,HS-grad,Prof-specialty,42,2360,<=50K
44,Male,Bachelors,Other-service,38,281,>50K
36,Female,Bachelors,Craft-repair,36,446,<=50K
46,Male,Bachelors,Prof-specialty,45,119,>50K
37,Female,Bachelors,Other-service,31,636,<=50K
56,Female,Bachelors,Other-service,29,637,<=50K
29,Female,Bachelors,Other-service,38,68,<=50K
37,Female,Masters,Sales,21,282,<=50K
44,Male,Masters,Exec-managerial,54,810,>50K
54,Female,HS-grad,Craft-repair,31,66,<=50K
35,Female,Masters,Craft-repair,23,533,<=50K
48,Female,HS-grad,Prof-specialty,42,1505,<=50K
35,Male,Some-college,Prof-specialty,47,102,<=50K
37,Female,Masters,Sales,34,1040,<=50K
63,Female,Bachelors,Prof-specialty,33,334,<=50K
30,Male,HS-grad,Sales,36,231,<=50K
35,Female,HS-grad,Craft-repair,40,123,<=50K
48,Male,HS-grad,Sales,39,392,<=50K
42,Female,Doctorate,Other-service,14,46,<=50K
31,Male,HS-grad,Prof-specialty,38,906,>50K
40,Female,Bachelors,Sales,28,301,<=50K
38,Male,HS-grad,Prof-specialty,52,1282,>50K
23,Female,HS-grad,Sales,26,614,<=50K
57,Male,HS-grad,Other-service,37,402,>50K
36,Female,Masters,Other-service,37,46,<=50K
29,Male,Doctorate,Other-service,58,104,>50K
20,Male,HS-grad,Other-service,50,1443,>50K
45,Male,HS-grad,Craft-repair,48,2854,>50K
32,Male,HS-grad,Other-service,46,87,>50K
38,Female,Doctorate,Prof-specialty,29,124,>50K
31,Male,Bachelors,Prof-specialty,44,1084,>50K
48,Female,Bachelors,Prof-specialty,47,1181,>50K
45,Male,HS-grad,Other-service,50,1544,<=50K
59,Female,Doctorate,Craft-repair,34,339,>50K
64,Male,Doctorate,Prof-specialty,36,601,>50K
30,Male,Bachelors,Prof-specialty,43,389,>50K
38,Male,Bachelors,Other-service,46,2971,<=50K
42,Male,Bachelors,Other-service,53,5514,>50K
48,Male,Bachelors,Craft-repair,49,859,>50K
53,Male,HS-grad,Craft-repair,44,68,>50K
31,Male,Bachelors,Prof-specialty,46,147,>50K
19,Female,HS-grad,Craft-repair,41,134,<=50K
36,Male,HS-grad,Craft-repair,45,389,>50K
30,Female,Masters,Prof-specialty,26,2409,>50K
41,Male,HS-grad,Sales,28,597,>50K
35,Male,Bachelors,Sales,50,235,>50K
31,Male,HS-grad,Prof-specialty,48,1514,>50K
31,Male,HS-grad,Craft-repair,47,406,<=50K
37,Female,HS-grad,Craft-repair,26,1142,<=50K
61,Female,HS-grad,Craft-repair,41,584,<=50K
43,Male,HS-grad,Craft-repair,31,518,<=50K
46,Male,Masters,Other-service,46,481,>50K
47,Female,Masters,Craft-repair,31,345,<=50K
43,Male,Some-college,Other-service,48,414,>50K
30,Male,Bachelors,Sales,43,134,<=50K
32,Male,HS-grad,Exec-managerial,46,2040,>50K
18,Male,Some-college,Exec-managerial,39,2010,<=50K
44,Female,Masters,Exec-managerial,32,1396,>50K
30,Female,Bachelors,Sales,24,1854,>50K
38,Male,Masters,Prof-specialty,43,2733,>50K
18,Female,HS-grad,Exec-managerial,28,50,<=50K
24,Male,HS-grad,Craft-repair,49,219,<=50K
44,Female,Bachelors,Other-service,41,1972,<=50K
32,Female,Bachelors,Sales,18,231,<=50K
27,Male,Bachelors,Exec-managerial,38,4733,>50K
30,Female,HS-grad,Prof-specialty,19,4638,>50K
31,Female,HS-grad,Exec-managerial,25,4,<=50K
37,Male,Bachelors,Prof-specialty,38,535,<=50K
45,Female,HS-grad,Sales,45,1042,<=50K
39,Female,HS-grad,Exec-managerial,32,4941,>50K
45,Male,HS-grad,Exec-managerial,38,7009,>50K
31,Female,Masters,Sales,20,63,<=50K
41,Male,HS-grad,Prof-specialty,58,3412,>50K
31,Female,HS-grad,Other-service,36,457,<=50K
35,Male,Bachelors,Other-service,43,632,<=50K
46,Male,HS-grad,Craft-repair,44,190,>50K
33,Female,Masters,Prof-specialty,36,2752,>50K
38,Male,HS-grad,Craft-repair,50,3068,>50K
18,Male,HS-grad,Craft-repair,60,572,<=50K
49,Female,HS-grad,Other-service,23,278,<=50K
39,Male,Bachelors,Other-service,53,108,>50K
53,Male,Bachelors,Other-service,52,735,>50K
55,Male,Doctorate,Other-service,27,781,>50K
23,Female,Bachelors,Sales,28,123,<=50K
42,Male,HS-grad,Prof-specialty,52,6141,>50K
35,Male,Bachelors,Sales,48,65,>50K
49,Male,Some-college,Other-service,40,480,<=50K
47,Male,Masters,Prof-specialty,58,1400,>50K
50,Male,Bachelors,Other-service,52,228,>50K
22,Female,Bachelors,Other-service,26,125,<=50K
47,Female,HS-grad,Prof-specialty,23,1339,<=50K
23,Male,Bachelors,Craft-repair,52,453,>50K
38,Female,Bachelors,Other-service,32,134,<=50K
39,Male,Doctorate,Other-service,47,1129,>50K
56,Female,Some-college,Prof-specialty,37,1382,<=50K
47,Male,HS-grad,Craft-repair,53,834,>50K
42,Female,Masters,Other-service,40,695,>50K
30,Female,Some-college,Craft-repair,47,1723,>50K
30,Male,Doctorate,Other-service,36,657,>50K
41,Female,HS-grad,Prof-specialty,37,1871,>50K
32,Female,Doctorate,Other-service,34,546,<=50K
18,Male,HS-grad,Craft-repair,47,164,<=50K
51,Male,Bachelors,Craft-repair,47,1435,>50K
34,Male,Some-college,Other-service,48,1136,>50K
23,Female,Bachelors,Prof-specialty,41,1310,>50K
48,Male,Some-college,Prof-specialty,46,1348,>50K
41,Male,HS-grad,Exec-managerial,30,319,<=50K
49,Male,Masters,Prof-specialty,36,6176,>50K
18,Male,Some-college,Sales,44,750,<=50K
31,Male,Doctorate,Prof-specialty,58,891,>50K
44,Male,Bachelors,Craft-repair,32,49,>50K
58,Female,Some-college,Sales,44,101,<=50K
52,Female,Some-college,Other-service,33,610,<=50K
31,Female,Bachelors,Other-service,35,1562,<=50K
21,Female,Masters,Prof-specialty,26,1330,>50K
56,Male,Some-college,Prof-specialty,60,1315,>50K
29,Female,HS-grad,Other-service,46,1443,<=50K
32,Male,HS-grad,Craft-repair,56,726,>50K
37,Male,Bachelors,Prof-specialty,47,857,>50K
40,Male,HS-grad,Prof-specialty,28,3907,<=50K
30,Male,Some-college,Craft-repair,47,357,>50K
19,Female,Bachelors,Exec-managerial,43,324,>50K
35,Male,HS-grad,Prof-specialty,50,4452,>50K
56,Male,Bachelors,Craft-repair,53,534,>50K
22,Male,Bachelors,Prof-specialty,51,2921,>50K
53,Male,HS-grad,Sales,39,24,<=50K
40,Male,Some-college,Craft-repair,47,843,<=50K
32,Male,Masters,Prof-specialty,48,659,>50K
54,Male,Some-college,Prof-specialty,39,2417,>50K
49,Male,Some-college,Other-service,44,427,>50K
49,Male,Some-college,Exec-managerial,50,7614,>50K
65,Female,Some-college,Prof-specialty,35,5051,<=50K
19,Male,Some-college,Craft-repair,37,1711,<=50K
32,Male,Masters,Other-service,47,1121,>50K
57,Male,Bachelors,Craft-repair,58,1369,>50K
27,Female,HS-grad,Exec-managerial,25,1221,<=50K
44,Male,Masters,Sales,44,6479,>50K
53,Female,Doctorate,Craft-repair,45,243,>50K
29,Male,HS-grad,Prof-specialty,46,3944,>50K
43,Female,Some-college,Prof-specialty,36,1031,<=50K
45,Male,Bachelors,Sales,53,1921,>50K
26,Male,Bachelors,Craft-repair,55,221,>50K
29,Female,HS-grad,Sales,37,61,<=50K
24,Male,Bachelors,Exec-managerial,48,1375,>50K
48,Male,Bachelors,Craft-repair,53,176,>50K
26,Female,HS-grad,Other-service,47,294,<=50K
22,Female,Bachelors,Other-service,34,939,<=50K
27,Male,Some-college,Craft-repair,36,639,>50K
33,Male,Some-college,Craft-repair,47,139,<=50K
43,Male,HS-grad,Prof-specialty,48,73,>50K
39,Male,Bachelors,Craft-repair,52,976,>50K
46,Female,Some-college,Prof-specialty,19,1007,>50K
50,Female,Masters,Craft-repair,29,50,<=50K
39,Male,HS-grad,Craft-repair,37,997,<=50K
39,Female,Some-college,Other-service,17,145,<=50K
33,Female,HS-grad,Exec-managerial,30,1408,<=50K
28,Female,Some-college,Prof-specialty,37,1499,>50K
38,Male,Bachelors,Other-service,41,179,>50K
59,Male,Bachelors,Sales,54,317,>50K
42,Male,HS-grad,Craft-repair,36,848,<=50K
29,Female,Bachelors,Prof-specialty,50,1516,>50K
40,Female,Bachelors,Other-service,37,602,<=50K
28,Male,Bachelors,Prof-specialty,45,3791,>50K
43,Male,HS-grad,Exec-managerial,38,37,>50K
30,Female,Bachelors,Other-service,32,421,<=50K
18,Female,Some-college,Sales,39,630,>50K
47,Female,HS-grad,Prof-specialty,30,1536,<=50K
18,Male,Bachelors,Prof-specialty,59,6758,>50K
53,Male,HS-grad,Other-service,45,418,>50K
47,Female,Bachelors,Exec-managerial,33,236,<=50K
35,Male,Masters,Other-service,61,195,>50K
30,Male,Masters,Exec-managerial,31,71,>50K
45,Female,Bachelors,Other-service,32,944,<=50K
35,Female,Masters,Craft-repair,32,436,<=50K
39,Male,HS-grad,Craft-repair,44,439,>50K
31,Male,Bachelors,Sales,59,32,>50K
41,Male,Doctorate,Craft-repair,50,230,>50K
48,Male,Masters,Prof-specialty,42,4537,>50K
38,Female,Bachelors,Prof-specialty,32,403,<=50K
35,Male,Masters,Craft-repair,51,471,>50K
51,Female,Bachelors,Sales,43,83,<=50K
37,Male,Bachelors,Other-service,35,44,>50K
31,Female,Some-college,Prof-specialty,38,1847,<=50K
50,Male,Bachelors,Prof-specialty,37,8127,>50K
34,Male,Some-college,Exec-managerial,36,2143,>50K
18,Male,Masters,Other-service,42,1083,>50K
36,Male,Bachelors,Sales,48,271,<=50K
36,Female,HS-grad,Exec-managerial,42,973,<=50K
18,Male,Bachelors,Exec-managerial,56,2015,>50K
24,Male,HS-grad,Exec-managerial,47,3013,<=50K
35,Male,Bachelors,Exec-managerial,47,4157,<=50K
24,Male,Some-college,Craft-repair,81,544,>50K
53,Male,HS-grad,Other-service,43,1775,>50K
23,Male,Bachelors,Other-service,48,197,>50K
18,Female,HS-grad,Sales,32,226,<=50K
22,Female,Bachelors,Other-service,33,1427,<=50K
22,Male,Masters,Craft-repair,31,444,>50K
42,Male,Some-college,Other-service,44,2059,>50K
41,Male,Some-college,Craft-repair,43,283,>50K
39,Male,HS-grad,Craft-repair,26,672,>50K
52,Male,Bachelors,Craft-repair,32,115,<=50K
36,Male,Masters,Other-service,39,626,>50K
27,Male,Some-college,Craft-repair,42,131,>50K
53,Female,HS-grad,Prof-specialty,34,1978,>50K
39,Male,Bachelors,Other-service,47,124,>50K
38,Male,Bachelors,Sales,38,1092,<=50K
48,Female,Bachelors,Exec-managerial,39,2069,<=50K
62,Male,Masters,Exec-managerial,58,807,>50K
27,Male,Bachelors,Other-service,53,532,<=50K
25,Male,HS-grad,Other-service,56,137,>50K
32,Female,HS-grad,Sales,53,29,<=50K
45,Female,HS-grad,Prof-specialty,38,129,<=50K
18,Male,HS-grad,Other-service,47,284,<=50K
23,Male,HS-grad,Other-service,49,1047,<=50K
37,Female,Bachelors,Other-service,22,852,<=50K
44,Male,HS-grad,Other-service,45,26,<=50K
37,Male,HS-grad,Other-service,34,700,<=50K
43,Female,Masters,Craft-repair,38,31,>50K
40,Male,Some-college,Sales,49,570,>50K
37,Male,Some-college,Craft-repair,68,952,>50K
57,Male,Masters,Sales,57,91,>50K
44,Male,Masters,Prof-specialty,42,1179,>50K
34,Male,HS-grad,Exec-managerial,49,5734,>50K
39,Female,Bachelors,Exec-managerial,42,2191,<=50K
19,Male,Some-college,Exec-managerial,46,6159,>50K
44,Female,Some-college,Prof-specialty,40,2666,<=50K
34,Male,Doctorate,Prof-specialty,52,484,>50K
29,Male,Some-college,Sales,46,909,<=50K
46,Male,Bachelors,Other-service,38,30,>50K
29,Male,Some-college,Other-service,49,408,<=50K
27,Male,Bachelors,Exec-managerial,53,1020,>50K
34,Male,Bachelors,Sales,58,75,>50K
36,Male,HS-grad,Prof-specialty,43,936,>50K
47,Male,HS-grad,Prof-specialty,38,2214,>50K
42,Male,Some-college,Sales,39,284,<=50K
46,Male,Bachelors,Craft-repair,48,345,>50K
50,Female,Bachelors,Other-service,44,1911,<=50K
46,Male,HS-grad,Exec-managerial,56,331,<=50K
37,Male,HS-grad,Exec-managerial,50,560,>50K
55,Male,HS-grad,Exec-managerial,41,1155,>50K
48,Male,Bachelors,Prof-specialty,47,667,>50K
55,Male,Some-college,Other-service,33,335,<=50K
50,Male,Bachelors,Craft-repair,43,111,<=50K
28,Male,Masters,Other-service,66,2809,>50K
40,Female,HS-grad,Craft-repair,22,172,<=50K
38,Male,Some-college,Prof-specialty,43,472,>50K
57,Male,Masters,Other-service,41,94,<=50K
45,Male,HS-grad,Craft-repair,37,115,>50K
20,Male,HS-grad,Craft-repair,37,62,<=50K
34,Male,HS-grad,Prof-specialty,36,1945,>50K
27,Male,Some-college,Craft-repair,42,877,<=50K
26,Male,HS-grad,Exec-managerial,48,410,>50K
44,Female,Bachelors,Craft-repair,34,817,<=50K
25,Male,Some-college,Other-service,46,199,<=50K
35,Male,Some-college,Other-service,39,53,<=50K
23,Female,Bachelors,Craft-repair,35,630,<=50K
51,Male,Bachelors,Craft-repair,34,272,>50K
18,Male,Some-college,Other-service,44,2735,<=50K
38,Male,Bachelors,Other-service,40,411,>50K
40,Male,Bachelors,Prof-specialty,40,1352,>50K
51,Male,Masters,Other-service,38,1125,>50K
57,Male,HS-grad,Craft-repair,35,177,>50K
31,Male,Bachelors,Sales,39,518,>50K
65,Male,HS-grad,Sales,36,25,>50K
36,Male,Some-college,Craft-repair,51,370,<=50K
36,Female,Bachelors,Other-service,32,124,<=50K
34,Female,HS-grad,Other-service,33,403,<=50K
26,Male,Doctorate,Exec-managerial,31,1398,>50K
47,Male,HS-grad,Exec-managerial,52,1148,>50K
27,Female,Some-college,Exec-managerial,30,595,<=50K
38,Male,HS-grad,Other-service,56,6,<=50K
26,Male,HS-grad,Other-service,47,561,>50K
51,Female,Some-college,Sales,39,177,<=50K
26,Male,HS-grad,Prof-specialty,52,775,>50K
44,Male,Bachelors,Other-service,43,143,>50K
19,Male,HS-grad,Prof-specialty,44,1042,>50K
22,Male,HS-grad,Craft-repair,58,367,<=50K
48,Female,HS-grad,Prof-specialty,34,1373,<=50K
45,Male,Some-college,Prof-specialty,58,415,>50K
34,Male,Some-college,Other-service,45,508,<=50K
25,Male,Bachelors,Craft-repair,47,640,>50K
56,Male,Masters,Exec-managerial,43,1366,>50K
42,Male,Bachelors,Other-service,39,490,>50K
23,Male,Bachelors,Other-service,32,365,<=50K
47,Male,Doctorate,Prof-specialty,46,1397,>50K
33,Female,Doctorate,Other-service,39,712,>50K
42,Male,Bachelors,Exec-managerial,29,1201,<=50K
37,Male,HS-grad,Craft-repair,49,66,<=50K
29,Female,Some-college,Other-service,36,691,<=50K
24,Female,Masters,Exec-managerial,37,221,>50K
50,Male,Bachelors,Other-service,53,12,>50K
34,Male,HS-grad,Exec-managerial,61,626,>50K
47,Male,Masters,Other-service,47,671,>50K
43,Female,HS-grad,Exec-managerial,28,17,<=50K
38,Male,HS-grad,Sales,61,134,<=50K
34,Male,Masters,Exec-managerial,56,1730,>50K
47,Female,Bachelors,Prof-specialty,39,1537,>50K
30,Male,Some-college,Other-service,42,388,<=50K
57,Male,HS-grad,Other-service,40,263,>50K
54,Male,Masters,Sales,38,880,>50K
45,Female,Bachelors,Sales,45,133,<=50K
34,Male,Bachelors,Sales,48,1061,>50K
40,Female,HS-grad,Exec-managerial,24,94,>50K
28,Female,Masters,Other-service,45,785,>50K
41,Male,HS-grad,Prof-specialty,36,5616,>50K
35,Male,HS-grad,Other-service,39,369,>50K
47,Female,HS-grad,Prof-specialty,41,590,<=50K
47,Female,Bachelors,Craft-repair,39,173,<=50K
42,Female,HS-grad,Prof-specialty,39,2340,<=50K
32,Male,HS-grad,Other-service,48,2792,<=50K
38,Male,Bachelors,Other-service,44,87,>50K
62,Female,Doctorate,Craft-repair,31,1181,>50K
31,Male,HS-grad,Sales,38,78,>50K
34,Male,Bachelors,Other-service,37,513,>50K
35,Female,HS-grad,Other-service,37,77,<=50K
23,Male,Bachelors,Craft-repair,44,93,>50K
31,Female,HS-grad,Other-service,14,262,<=50K
42,Male,HS-grad,Craft-repair,45,21,>50K
36,Male,Masters,Other-service,49,29,<=50K
54,Female,HS-grad,Other-service,23,263,<=50K
53,Female,Masters,Prof-specialty,26,9293,>50K
34,Male,Some-college,Other-service,43,291,>50K
18,Male,HS-grad,Craft-repair,54,82,>50K
39,Male,Masters,Other-service,41,610,>50K
18,Male,Bachelors,Sales,45,338,>50K
39,Female,Masters,Craft-repair,34,119,>50K
49,Male,Some-college,Other-service,42,41,>50K
33,Male,Bachelors,Sales,63,540,>50K
38,Male,Doctorate,Prof-specialty,48,715,>50K
31,Male,Masters,Prof-specialty,34,1949,>50K
36,Female,Masters,Other-service,45,382,>50K
21,Female,Bachelors,Sales,28,207,<=50K
32,Female,Bachelors,Craft-repair,32,734,<=50K
43,Male,HS-grad,Craft-repair,50,8742,>50K
28,Male,Bachelors,Other-service,46,67,>50K
43,Male,Masters,Prof-specialty,55,2581,>50K
35,Female,Some-college,Sales,29,301,<=50K
51,Male,Doctorate,Craft-repair,36,339,>50K
32,Male,HS-grad,Other-service,39,63,>50K
28,Male,Some-college,Other-service,33,49,<=50K
58,Female,Masters,Other-service,28,80,>50K
30,Male,Doctorate,Other-service,42,440,>50K
23,Male,HS-grad,Other-service,54,4,<=50K
27,Male,Bachelors,Craft-repair,54,1163,>50K
40,Male,Masters,Other-service,45,685,<=50K
27,Male,Bachelors,Prof-specialty,47,475,>50K
21,Male,Some-college,Other-service,46,3,>50K
51,Male,Masters,Other-service,53,212,<=50K
36,Male,Bachelors,Other-service,36,341,>50K
28,Female,Some-college,Craft-repair,24,270,<=50K
31,Female,Bachelors,Other-service,36,195,<=50K
46,Male,Bachelors,Other-service,35,2315,<=50K
65,Male,HS-grad,Craft-repair,35,1152,>50K
30,Female,Bachelors,Sales,25,401,<=50K
47,Male,Bachelors,Craft-repair,33,44,>50K
25,Male,HS-grad,Craft-repair,39,319,<=50K
50,Male,Masters,Other-service,34,881,>50K
42,Male,Doctorate,Other-service,39,429,>50K
46,Male,Bachelors,Prof-specialty,61,4340,>50K
48,Male,Some-college,Other-service,45,2,>50K
40,Male,Masters,Craft-repair,47,90,>50K
18,Male,HS-grad,Prof-specialty,52,491,>50K
45,Male,Some-college,Exec-managerial,41,3364,>50K
27,Female,Bachelors,Sales,35,90,<=50K
28,Male,HS-grad,Other-service,56,61,>50K
25,Male,Bachelors,Other-service,57,882,>50K
30,Female,Some-college,Sales,28,237,<=50K
33,Female,Some-college,Sales,36,140,<=50K
47,Male,HS-grad,Sales,44,274,>50K
41,Female,HS-grad,Exec-managerial,27,157,<=50K
61,Male,HS-grad,Other-service,46,700,>50K
36,Male,HS-grad,Other-service,48,11,>50K
48,Female,Masters,Exec-managerial,49,755,<=50K
40,Male,Masters,Sales,41,278,<=50K
32,Female,Masters,Exec-managerial,30,243,<=50K
47,Female,Bachelors,Prof-specialty,32,3949,>50K
32,Male,Some-college,Other-service,50,878,<=50K
18,Female,Some-college,Sales,26,418,<=50K
26,Male,Masters,Other-service,45,547,<=50K
20,Male,HS-grad,Exec-managerial,41,132,>50K
42,Male,HS-grad,Other-service,38,308,<=50K
30,Male,Some-college,Other-service,59,183,>50K
28,Male,Some-college,Prof-specialty,45,2291,>50K
51,Male,Some-college,Prof-specialty,47,272,>50K
30,Male,Bachelors,Exec-managerial,45,531,>50K
36,Male,Bachelors,Other-service,61,2791,>50K
38,Female,Masters,Sales,34,1007,<=50K
39,Female,Some-college,Other-service,22,480,<=50K
44,Male,HS-grad,Exec-managerial,49,1854,>50K
54,Male,Bachelors,Craft-repair,58,208,>50K
34,Male,Doctorate,Exec-managerial,45,424,>50K
56,Female,HS-grad,Craft-repair,39,410,<=50K
41,Female,Bachelors,Sales,41,1380,<=50K
59,Male,Bachelors,Craft-repair,33,55,>50K
49,Male,HS-grad,Prof-specialty,47,1898,>50K
29,Female,Bachelors,Exec-managerial,33,25,<=50K
51,Male,Doctorate,Prof-specialty,60,167,>50K
34,Male,Bachelors,Craft-repair,26,1968,>50K
44,Female,Masters,Other-service,51,58,>50K
42,Male,Bachelors,Sales,47,181,>50K
49,Female,Some-college,Craft-repair,34,285,<=50K
42,Female,Masters,Prof-specialty,10,397,>50K
29,Female,HS-grad,Craft-repair,16,929,<=50K
30,Male,Masters,Exec-managerial,35,433,<=50K
36,Male,Bachelors,Other-service,37,75,>50K
46,Male,HS-grad,Sales,57,31,>50K
36,Male,Bachelors,Other-service,38,634,>50K
29,Male,HS-grad,Other-service,47,590,<=50K
36,Female,HS-grad,Prof-specialty,33,4721,<=50K
51,Male,Masters,Prof-specialty,34,2755,>50K
65,Female,Masters,Prof-specialty,19,6813,>50K
39,Female,Bachelors,Other-service,36,971,>50K
58,Male,Bachelors,Sales,46,6210,>50K
34,Female,Bachelors,Prof-specialty,24,1265,<=50K
57,Male,Some-college,Prof-specialty,50,1279,>50K
21,Male,HS-grad,Prof-specialty,41,226,>50K
38,Female,Masters,Exec-managerial,38,6,<=50K
43,Male,Masters,Prof-specialty,42,100,>50K
23,Male,HS-grad,Other-service,48,105,<=50K
29,Male,Some-college,Other-service,39,1880,<=50K
21,Female,Bachelors,Sales,41,581,>50K
50,Male,Doctorate,Sales,42,44,>50K
51,Male,Bachelors,Craft-repair,48,496,<=50K
26,Male,Bachelors,Exec-managerial,43,1581,>50K
61,Male,Masters,Other-service,42,1823,>50K
32,Male,Bachelors,Exec-managerial,54,6088,<=50K
25,Male,HS-grad,Prof-specialty,39,841,>50K
38,Female,Bachelors,Exec-managerial,35,12798,>50K
34,Male,Doctorate,Other-service,40,690,<=50K
40,Female,Bachelors,Craft-repair,39,1070,<=50K
49,Male,Masters,Other-service,57,605,>50K
25,Male,HS-grad,Craft-repair,41,4328,>50K
47,Female,Some-college,Sales,43,130,<=50K
21,Male,Bachelors,Other-service,36,33,<=50K
32,Female,HS-grad,Other-service,25,189,>50K
32,Female,Some-college,Prof-specialty,33,735,>50K
18,Male,HS-grad,Prof-specialty,47,3273,>50K
34,Female,HS-grad,Other-service,37,560,<=50K
40,Female,Bachelors,Craft-repair,28,405,<=50K
54,Female,Bachelors,Exec-managerial,28,1807,<=50K
40,Male,Some-college,Craft-repair,58,462,<=50K
52,Male,Some-college,Craft-repair,47,2437,>50K
22,Male,Some-college,Other-service,47,205,<=50K
44,Male,Bachelors,Other-service,35,320,>50K
45,Male,HS-grad,Other-service,30,750,>50K
43,Female,Bachelors,Other-service,18,143,<=50K
36,Female,HS-grad,Sales,25,501,<=50K
28,Female,Bachelors,Craft-repair,28,29,<=50K
51,Male,Masters,Exec-managerial,42,4488,<=50K
38,Male,Bachelors,Prof-specialty,42,666,>50K
65,Male,Some-college,Craft-repair,47,218,>50K
44,Male,Masters,Other-service,59,402,>50K
40,Female,Some-college,Other-service,34,71,>50K
41,Male,HS-grad,Exec-managerial,32,574,<=50K
41,Female,HS-grad,Craft-repair,47,702,<=50K
39,Male,Some-college,Prof-specialty,43,4708,>50K
25,Male,HS-grad,Other-service,65,19,>50K
26,Male,HS-grad,Prof-specialty,49,210,>50K
54,Female,Some-college,Other-service,30,1151,>50K
43,Female,HS-grad,Exec-managerial,27,1527,<=50K
52,Female,Bachelors,Exec-managerial,32,3394,<=50K
37,Female,Bachelors,Craft-repair,49,148,<=50K
33,Male,HS-grad,Other-service,39,128,>50K
22,Male,Bachelors,Other-service,46,798,>50K
49,Male,Masters,Other-service,46,1548,>50K
31,Male,Bachelors,Other-service,52,51,<=50K
53,Female,Some-college,Craft-repair,51,299,<=50K
35,Female,Some-college,Prof-specialty,34,858,>50K
33,Male,Masters,Craft-repair,36,30,>50K
35,Female,Bachelors,Craft-repair,24,348,<=50K
42,Male,HS-grad,Other-service,40,612,<=50K
35,Male,HS-grad,Sales,54,628,>50K
35,Female,Bachelors,Other-service,17,915,>50K
43,Female,Masters,Craft-repair,34,166,>50K
21,Female,Masters,Other-service,21,102,<=50K
26,Male,Some-college,Other-service,39,2,<=50K
48,Male,Bachelors,Sales,50,783,>50K
35,Male,Masters,Other-service,57,945,>50K
32,Male,Some-college,Prof-specialty,43,3223,>50K
23,Male,Some-college,Other-service,40,126,>50K
42,Male,Masters,Other-service,41,112,>50K
44,Female,Some-college,Exec-managerial,32,2067,<=50K
37,Male,Some-college,Other-service,48,976,<=50K
34,Female,Masters,Prof-specialty,22,71,<=50K
33,Male,Bachelors,Craft-repair,49,296,<=50K
27,Male,HS-grad,Prof-specialty,60,123,>50K
34,Male,HS-grad,Other-service,38,111,<=50K
22,Male,Masters,Craft-repair,36,204,>50K
43,Female,HS-grad,Craft-repair,37,357,<=50K
52,Male,Some-college,Other-service,46,776,<=50K
36,Male,Some-college,Prof-specialty,35,2662,>50K
23,Male,Bachelors,Sales,47,4454,>50K
31,Female,HS-grad,Exec-managerial,29,3097,<=50K
51,Male,Doctorate,Other-service,51,216,>50K
56,Male,Bachelors,Other-service,43,8,>50K
30,Male,HS-grad,Other-service,49,3909,>50K
31,Male,Doctorate,Sales,47,662,<=50K
35,Male,HS-grad,Exec-managerial,53,643,>50K
38,Male,HS-grad,Other-service,53,740,>50K
21,Male,Some-college,Sales,29,122,>50K
25,Female,HS-grad,Sales,36,19,<=50K
31,Male,HS-grad,Prof-specialty,54,570,>50K
34,Male,HS-grad,Other-service,65,339,>50K
44,Female,Doctorate,Sales,33,90,>50K
24,Female,Bachelors,Other-service,46,295,>50K
38,Male,HS-grad,Exec-managerial,25,1732,<=50K
44,Female,Bachelors,Prof-specialty,42,699,>50K
34,Male,HS-grad,Other-service,35,669,<=50K
35,Male,Bachelors,Other-service,53,566,>50K
43,Male,Masters,Sales,44,255,>50K
65,Male,Masters,Other-service,53,126,>50K
55,Male,Bachelors,Craft-repair,45,181,>50K
46,Male,Masters,Sales,41,852,<=50K
47,Male,HS-grad,Prof-specialty,67,1768,>50K
31,Male,Bachelors,Craft-repair,42,197,>50K
51,Male,Bachelors,Craft-repair,28,2836,>50K
44,Male,Some-college,Other-service,43,171,<=50K
47,Male,Bachelors,Other-service,43,202,>50K
56,Female,Some-college,Other-service,25,1108,<=50K
38,Female,Bachelors,Other-service,23,139,>50K
40,Female,Some-college,Other-service,35,490,<=50K
25,Male,Masters,Sales,40,457,>50K
37,Female,Doctorate,Craft-repair,40,1198,>50K
30,Male,Bachelors,Prof-specialty,37,3851,>50K
25,Male,HS-grad,Prof-specialty,56,2808,>50K
46,Female,Some-college,Sales,30,14,>50K
44,Male,Doctorate,Prof-specialty,54,185,>50K
25,Female,Some-college,Other-service,40,152,<=50K
37,Male,HS-grad,Exec-managerial,48,7607,>50K
40,Male,HS-grad,Prof-specialty,43,358,>50K
32,Female,Bachelors,Exec-managerial,22,1788,>50K
41,Male,Doctorate,Craft-repair,42,747,>50K
39,Male,Some-college,Other-service,46,15,>50K
37,Male,HS-grad,Other-service,47,42,>50K
42,Male,Bachelors,Craft-repair,47,17,>50K
22,Male,Some-college,Prof-specialty,40,852,>50K
34,Male,HS-grad,Prof-specialty,34,2088,>50K
56,Male,Doctorate,Other-service,38,113,>50K
31,Male,Bachelors,Prof-specialty,49,1143,>50K
65,Male,Masters,Sales,51,144,>50K
44,Male,Bachelors,Other-service,44,718,>50K
24,Male,Some-college,Craft-repair,58,353,<=50K
18,Male,HS-grad,Craft-repair,45,282,<=50K
38,Male,Bachelors,Other-service,60,1054,>50K
34,Female,HS-grad,Other-service,41,392,<=50K
35,Male,HS-grad,Prof-specialty,51,284,>50K
27,Male,Some-college,Craft-repair,43,1964,>50K
36,Male,Some-college,Sales,40,162,>50K
18,Female,HS-grad,Sales,34,633,<=50K
34,Female,HS-grad,Other-service,34,1387,<=50K
50,Female,Bachelors,Craft-repair,19,228,<=50K
65,Male,HS-grad,Other-service,42,86,<=50K
49,Female,Masters,Craft-repair,22,374,<=50K
46,Female,Masters,Prof-specialty,27,867,>50K
35,Female,Doctorate,Other-service,28,2221,>50K
52,Male,Bachelors,Exec-managerial,48,1137,>50K
31,Female,Some-college,Prof-specialty,30,1151,>50K
42,Male,Masters,Other-service,53,212,>50K
35,Male,Bachelors,Exec-managerial,48,3066,>50K
19,Male,Some-college,Craft-repair,58,364,>50K
39,Female,Bachelors,Exec-managerial,22,90,<=50K
20,Female,Bachelors,Other-service,40,461,<=50K
32,Male,Bachelors,Prof-specialty,32,2191,>50K
44,Male,Bachelors,Other-service,43,288,<=50K
51,Male,Masters,Prof-specialty,39,551,>50K
48,Male,Masters,Prof-specialty,53,390,>50K
33,Male,Some-college,Craft-repair,51,1387,>50K
35,Female,Bachelors,Prof-specialty,21,572,<=50K
39,Female,Some-college,Exec-managerial,17,378,<=50K
44,Female,Some-college,Craft-repair,29,861,>50K
33,Male,Bachelors,Exec-managerial,43,3408,>50K
36,Male,Bachelors,Other-service,42,279,>50K
64,Male,Masters,Other-service,39,37,>50K
26,Female,HS-grad,Other-service,56,38,>50K
52,Female,Doctorate,Exec-managerial,35,3312,>50K
18,Male,Bachelors,Other-service,45,327,>50K
29,Female,HS-grad,Craft-repair,48,1676,<=50K
51,Male,HS-grad,Craft-repair,50,384,<=50K
51,Male,HS-grad,Sales,52,1187,>50K
27,Female,HS-grad,Other-service,36,178,>50K
18,Male,Bachelors,Other-service,41,203,<=50K
55,Male,Bachelors,Sales,24,351,<=50K
33,Male,Masters,Prof-specialty,59,111,>50K
47,Female,Some-college,Exec-managerial,41,459,>50K
49,Female,HS-grad,Craft-repair,34,208,>50K
22,Male,Bachelors,Prof-specialty,60,2412,>50K
51,Male,Masters,Craft-repair,50,4,>50K
31,Male,Bachelors,Other-service,51,365,>50K
22,Male,HS-grad,Craft-repair,51,638,<=50K
47,Male,Some-college,Other-service,64,475,>50K
23,Male,Bachelors,Craft-repair,42,1367,>50K
22,Male,Some-college,Other-service,50,571,<=50K
34,Male,Bachelors,Exec-managerial,53,9001,>50K
63,Female,HS-grad,Craft-repair,31,327,<=50K
33,Male,Some-college,Sales,54,489,>50K
39,Male,Some-college,Prof-specialty,61,1720,>50K
25,Male,HS-grad,Other-service,36,1210,<=50K
65,Male,Bachelors,Other-service,42,35,>50K
54,Male,Some-college,Other-service,58,1763,>50K
40,Male,Masters,Prof-specialty,36,452,>50K
40,Female,Some-college,Other-service,23,1618,<=50K
56,Male,Bachelors,Sales,46,1104,>50K
22,Female,Bachelors,Prof-specialty,35,856,<=50K
24,Female,Some-college,Prof-specialty,42,38,>50K
41,Male,Masters,Prof-specialty,54,39,>50K
36,Male,Some-college,Prof-specialty,49,4117,>50K
43,Male,Masters,Exec-managerial,32,2963,>50K
34,Male,HS-grad,Prof-specialty,39,1786,>50K
51,Female,HS-grad,Prof-specialty,27,863,<=50K
29,Male,Bachelors,Craft-repair,55,78,<=50K
27,Female,Some-college,Other-service,26,618,<=50K
26,Male,Some-college,Prof-specialty,54,2349,<=50K
36,Male,Masters,Other-service,47,199,>50K
50,Female,HS-grad,Prof-specialty,34,324,>50K
27,Male,Bachelors,Exec-managerial,36,1649,<=50K
52,Male,HS-grad,Prof-specialty,52,217,<=50K
34,Male,Some-college,Craft-repair,58,491,>50K
51,Female,Masters,Prof-specialty,17,4069,>50K
32,Male,Some-college,Prof-specialty,40,799,>50K
56,Male,HS-grad,Prof-specialty,52,63,>50K
49,Male,HS-grad,Other-service,59,2870,<=50K
39,Male,Masters,Prof-specialty,54,2030,>50K
29,Male,Bachelors,Other-service,37,33,<=50K
49,Male,Some-college,Other-service,49,369,<=50K
44,Male,Masters,Prof-specialty,49,424,>50K
21,Male,HS-grad,Sales,43,278,<=50K
31,Male,HS-grad,Exec-managerial,53,71,>50K
28,Male,HS-grad,Other-service,57,265,>50K
35,Male,Masters,Exec-managerial,49,2792,>50K
18,Female,HS-grad,Craft-repair,37,326,<=50K
31,Male,HS-grad,Craft-repair,56,54,<=50K
30,Male,HS-grad,Exec-managerial,58,63,>50K
39,Male,Some-college,Prof-specialty,32,85,<=50K
55,Female,Some-college,Other-service,41,34,<=50K
35,Male,Some-college,Other-service,49,794,<=50K
22,Female,HS-grad,Other-service,23,891,<=50K
36,Female,Masters,Exec-managerial,38,221,<=50K
28,Male,Bachelors,Craft-repair,51,1743,>50K
19,Female,HS-grad,Prof-specialty,19,2144,<=50K
35,Female,HS-grad,Other-service,40,92,<=50K
18,Female,Bachelors,Exec-managerial,36,923,<=50K
25,Female,HS-grad,Sales,34,754,<=50K
47,Male,Bachelors,Prof-specialty,43,84,<=50K
41,Male,Bachelors,Other-service,55,697,<=50K
34,Male,Doctorate,Other-service,43,184,>50K
34,Female,HS-grad,Other-service,37,307,<=50K
39,Male,Some-college,Prof-specialty,45,7354,>50K
35,Female,HS-grad,Exec-managerial,39,268,<=50K
40,Male,HS-grad,Other-service,40,481,<=50K
19,Female,Some-college,Craft-repair,39,845,<=50K
28,Male,Masters,Other-service,55,6626,>50K
24,Male,Doctorate,Other-service,45,1212,>50K
58,Female,Some-college,Other-service,24,391,<=50K
53,Male,Some-college,Exec-managerial,48,1369,>50K
45,Male,Bachelors,Craft-repair,54,218,>50K
31,Male,Bachelors,Exec-managerial,45,6171,>50K
36,Female,Bachelors,Other-service,22,399,<=50K
30,Female,Bachelors,Sales,46,881,<=50K
36,Male,Bachelors,Prof-specialty,43,2740,>50K
25,Male,Some-college,Other-service,48,79,<=50K
38,Male,Some-college,Prof-specialty,47,2812,>50K
23,Male,Bachelors,Craft-repair,40,1255,>50K
23,Male,Masters,Prof-specialty,55,1809,>50K
18,Female,Bachelors,Other-service,39,323,>50K
18,Male,Some-college,Craft-repair,42,22,>50K
36,Male,HS-grad,Craft-repair,52,211,<=50K
45,Female,Masters,Prof-specialty,26,1350,>50K
33,Male,Bachelors,Other-service,57,1611,<=50K
30,Male,Some-college,Other-service,41,309,>50K
38,Female,Masters,Other-service,39,901,<=50K
43,Female,Some-college,Craft-repair,20,123,<=50K
44,Male,Some-college,Craft-repair,41,602,<=50K
44,Male,HS-grad,Craft-repair,52,547,>50K
32,Male,Some-college,Other-service,50,294,>50K
38,Male,HS-grad,Exec-managerial,58,685,<=50K
47,Female,Masters,Other-service,41,233,>50K
44,Male,Masters,Other-service,34,2697,>50K
25,Male,Bachelors,Other-service,43,36,>50K
31,Male,HS-grad,Other-service,39,274,<=50K
46,Male,Some-college,Other-service,45,503,>50K
29,Female,HS-grad,Prof-specialty,35,5340,<=50K
31,Female,Masters,Exec-managerial,24,675,<=50K
42,Female,Bachelors,Craft-repair,33,279,<=50K
47,Female,Bachelors,Exec-managerial,36,2219,<=50K
28,Male,Masters,Craft-repair,45,875,>50K
56,Male,Bachelors,Other-service,46,73,>50K
19,Male,HS-grad,Other-service,36,413,<=50K
27,Male,HS-grad,Prof-specialty,44,372,<=50K
59,Male,HS-grad,Other-service,49,6,>50K
35,Female,Bachelors,Prof-specialty,33,17,<=50K
47,Male,Some-college,Exec-managerial,48,914,<=50K
42,Female,HS-grad,Other-service,50,1339,>50K
40,Male,Bachelors,Other-service,55,8357,>50K
60,Female,Bachelors,Exec-managerial,35,3842,>50K
59,Male,Some-college,Prof-specialty,34,170,>50K
31,Male,Doctorate,Other-service,40,285,>50K
41,Male,Bachelors,Other-service,36,3344,>50K
27,Male,HS-grad,Prof-specialty,42,3718,>50K
60,Male,Doctorate,Other-service,46,105,>50K
34,Male,HS-grad,Sales,41,314,>50K
26,Female,Bachelors,Other-service,37,371,<=50K
43,Female,HS-grad,Other-service,41,244,>50K
55,Male,Bachelors,Craft-repair,49,257,<=50K
34,Female,Bachelors,Other-service,30,440,<=50K
18,Male,Bachelors,Craft-repair,52,117,<=50K
48,Male,Some-college,Other-service,41,708,>50K
33,Male,Some-college,Sales,49,224,>50K
24,Male,HS-grad,Exec-managerial,37,1562,>50K
30,Male,HS-grad,Craft-repair,49,526,<=50K
31,Male,Bachelors,Prof-specialty,45,136,<=50K
18,Male,Some-college,Craft-repair,52,1367,>50K
36,Female,Doctorate,Other-service,33,244,<=50K
33,Female,Bachelors,Prof-specialty,38,1991,>50K
36,Male,Some-college,Prof-specialty,34,2344,>50K
60,Female,Bachelors,Prof-specialty,37,1346,>50K
56,Male,HS-grad,Craft-repair,52,1911,<=50K
44,Male,Masters,Exec-managerial,40,238,>50K
51,Male,Bachelors,Sales,52,518,>50K
25,Male,HS-grad,Exec-managerial,56,1276,<=50K
28,Male,Some-college,Exec-managerial,59,2439,>50K
42,Male,Bachelors,Other-service,54,637,>50K
46,Male,Some-college,Exec-managerial,38,1096,>50K
36,Female,Some-college,Other-service,24,587,>50K
22,Female,Some-college,Craft-repair,23,45,<=50K
25,Female,Some-college,Sales,40,117,<=50K
50,Female,HS-grad,Other-service,24,939,<=50K
41,Female,Masters,Exec-managerial,19,2013,<=50K
33,Male,Some-college,Prof-specialty,38,184,<=50K
32,Female,Some-college,Exec-managerial,34,2566,>50K
30,Male,Some-college,Other-service,32,176,<=50K
50,Male,Masters,Prof-specialty,57,355,>50K
48,Male,Bachelors,Craft-repair,48,546,>50K
18,Male,Masters,Craft-repair,55,278,<=50K
37,Male,HS-grad,Other-service,57,258,>50K
42,Female,Some-college,Other-service,31,184,<=50K
28,Male,HS-grad,Other-service,48,243,<=50K
21,Male,Bachelors,Sales,47,468,<=50K
40,Male,Some-college,Prof-specialty,40,162,>50K
47,Female,HS-grad,Craft-repair,46,16,<=50K
33,Female,Masters,Other-service,45,181,<=50K
42,Male,Doctorate,Craft-repair,43,698,>50K
43,Male,Some-college,Exec-managerial,39,1667,>50K
32,Male,Bachelors,Craft-repair,34,2,<=50K
39,Female,HS-grad,Other-service,37,166,>50K
25,Male,HS-grad,Prof-specialty,42,5643,>50K
46,Male,Masters,Other-service,31,77,<=50K
48,Male,HS-grad,Prof-specialty,56,100,>50K
27,Female,Some-college,Other-service,44,740,>50K
47,Female,HS-grad,Other-service,39,119,<=50K
22,Male,HS-grad,Exec-managerial,57,1442,>50K
49,Male,Bachelors,Other-service,44,1704,<=50K
36,Male,Some-college,Other-service,31,132,>50K
37,Female,HS-grad,Other-service,36,259,<=50K
29,Male,Some-college,Craft-repair,37,7,<=50K
40,Male,HS-grad,Other-service,40,930,<=50K
32,Male,Doctorate,Craft-repair,32,1510,>50K
30,Female,Bachelors,Other-service,27,525,<=50K
49,Male,Bachelors,Other-service,47,1040,>50K
58,Male,Masters,Other-service,43,893,>50K
53,Male,HS-grad,Other-service,45,490,>50K
34,Female,Doctorate,Craft-repair,34,67,>50K
57,Male,Some-college,Exec-managerial,55,17,>50K
29,Male,Bachelors,Other-service,51,595,<=50K
18,Male,Masters,Prof-specialty,56,1727,>50K
23,Male,HS-grad,Other-service,26,308,>50K
54,Female,Masters,Sales,23,233,<=50K
38,Male,Bachelors,Exec-managerial,58,5390,>50K
18,Male,Some-college,Exec-managerial,38,1061,>50K
46,Female,HS-grad,Craft-repair,24,913,<=50K
62,Female,Some-college,Craft-repair,24,23,<=50K
55,Male,Masters,Prof-specialty,43,6315,>50K
22,Female,Some-college,Other-service,41,315,<=50K
35,Male,Some-college,Other-service,29,1246,<=50K
51,Male,Masters,Other-service,54,443,>50K
27,Female,Some-college,Other-service,25,304,<=50K
43,Male,Bachelors,Other-service,57,302,>50K
46,Female,Some-college,Other-service,19,26,<=50K
21,Male,Masters,Prof-specialty,51,1989,>50K
55,Female,Some-college,Other-service,44,113,>50K
29,Male,Masters,Other-service,47,380,>50K
48,Male,Some-college,Exec-managerial,56,6595,>50K
32,Male,HS-grad,Sales,61,457,<=50K
52,Female,Some-college,Other-service,33,193,<=50K
48,Male,Some-college,Other-service,42,68,<=50K
57,Female,Bachelors,Craft-repair,28,169,>50K
40,Male,Some-college,Prof-specialty,52,1225,>50K
53,Male,Bachelors,Other-service,43,399,<=50K
19,Male,Masters,Other-service,36,1245,>50K
32,Male,Some-college,Sales,54,1778,>50K
18,Male,HS-grad,Sales,35,308,<=50K
33,Male,HS-grad,Sales,41,254,<=50K
65,Female,Bachelors,Craft-repair,39,755,>50K
32,Male,Bachelors,Other-service,62,100,>50K
47,Male,Some-college,Other-service,45,258,>50K
44,Male,Some-college,Other-service,35,211,>50K
58,Male,HS-grad,Craft-repair,51,392,>50K
29,Male,Masters,Other-service,46,667,>50K
29,Male,HS-grad,Exec-managerial,42,1395,>50K
44,Female,Bachelors,Sales,32,523,<=50K
39,Male,HS-grad,Other-service,42,768,>50K
34,Male,Masters,Sales,55,70,<=50K
31,Male,Some-college,Other-service,44,705,>50K
37,Female,Some-college,Craft-repair,40,119,<=50K
30,Male,Masters,Sales,38,340,<=50K
22,Male,Bachelors,Other-service,51,454,>50K
43,Male,Some-college,Other-service,53,213,>50K
38,Male,Some-college,Craft-repair,52,53,>50K
51,Male,Doctorate,Prof-specialty,43,1760,>50K
63,Male,HS-grad,Sales,51,252,>50K
31,Female,HS-grad,Sales,38,271,>50K
59,Male,Bachelors,Prof-specialty,36,1138,>50K
45,Female,Some-college,Craft-repair,41,1014,>50K
47,Male,Some-college,Craft-repair,43,924,>50K
52,Male,HS-grad,Prof-specialty,33,940,>50K
35,Male,Bachelors,Other-service,27,315,<=50K
23,Male,Bachelors,Other-service,37,462,<=50K
21,Male,Bachelors,Other-service,51,165,>50K
42,Male,HS-grad,Prof-specialty,41,811,<=50K
30,Male,Bachelors,Prof-specialty,45,2856,>50K
18,Female,Bachelors,Craft-repair,32,260,<=50K
40,Male,Bachelors,Other-service,53,1949,>50K
35,Female,Bachelors,Other-service,21,484,<=50K
39,Male,Bachelors,Other-service,42,1060,>50K
50,Male,HS-grad,Prof-specialty,55,2310,>50K
36,Female,Bachelors,Other-service,30,396,<=50K
33,Male,HS-grad,Prof-specialty,36,2912,>50K
32,Male,Bachelors,Other-service,35,1831,>50K
42,Female,Masters,Other-service,25,1347,<=50K
30,Female,Masters,Prof-specialty,28,3582,>50K
44,Male,Masters,Sales,41,4835,<=50K
49,Male,Some-college,Other-service,40,204,>50K
38,Female,Bachelors,Exec-managerial,23,5972,<=50K
18,Male,Bachelors,Prof-specialty,46,823,<=50K
45,Female,Bachelors,Craft-repair,39,744,<=50K
36,Female,Bachelors,Exec-managerial,27,2671,>50K
43,Male,Some-college,Other-service,45,826,>50K
46,Male,Masters,Other-service,31,227,>50K
65,Male,Masters,Prof-specialty,56,1640,>50K
37,Female,HS-grad,Other-service,13,335,<=50K
37,Male,HS-grad,Sales,39,98,<=50K
19,Male,Some-college,Sales,43,816,<=50K
29,Female,Bachelors,Other-service,41,399,<=50K
48,Male,Some-college,Exec-managerial,39,1264,>50K
55,Female,Some-college,Other-service,48,910,<=50K
38,Male,Bachelors,Craft-repair,47,116,>50K
55,Male,Masters,Other-service,41,303,>50K
48,Male,HS-grad,Craft-repair,48,976,>50K
18,Female,Masters,Exec-managerial,32,989,>50K
45,Female,HS-grad,Other-service,32,228,<=50K
38,Female,Bachelors,Exec-managerial,36,3861,>50K
32,Male,Bachelors,Prof-specialty,41,2115,<=50K
43,Male,Bachelors,Other-service,40,873,<=50K
33,Male,HS-grad,Other-service,45,312,<=50K
22,Female,Some-college,Other-service,53,830,<=50K
18,Male,Bachelors,Other-service,49,1228,>50K
38,Male,HS-grad,Other-service,48,748,<=50K
34,Male,Masters,Sales,48,1773,>50K
37,Male,Bachelors,Other-service,62,145,<=50K
65,Male,Bachelors,Craft-repair,50,264,>50K
18,Male,Masters,Craft-repair,45,657,>50K
39,Male,Bachelors,Prof-specialty,40,742,>50K
48,Male,Some-college,Sales,58,314,>50K
30,Female,HS-grad,Other-service,33,32,<=50K
32,Male,Some-college,Prof-specialty,51,173,>50K
40,Male,Bachelors,Craft-repair,39,464,<=50K
18,Male,Some-college,Craft-repair,43,310,>50K
46,Male,Bachelors,Prof-specialty,58,179,>50K
46,Female,HS-grad,Other-service,36,654,<=50K
43,Male,Masters,Other-service,53,107,>50K
35,Male,Some-college,Prof-specialty,33,688,<=50K
42,Male,HS-grad,Other-service,53,622,>50K
40,Male,HS-grad,Craft-repair,40,510,<=50K
46,Female,HS-grad,Other-service,31,82,>50K
37,Male,HS-grad,Prof-specialty,43,1087,<=50K
40,Male,Some-college,Sales,49,238,<=50K
37,Male,HS-grad,Sales,41,975,>50K
33,Female,Bachelors,Craft-repair,23,19,<=50K
21,Male,Some-college,Sales,54,116,<=50K
30,Male,HS-grad,Other-service,42,253,<=50K
53,Male,Bachelors,Craft-repair,33,264,>50K
32,Male,Some-college,Craft-repair,68,2588,>50K
51,Male,Some-college,Sales,42,762,<=50K
36,Female,Bachelors,Other-service,17,133,>50K
47,Male,Some-college,Prof-specialty,41,2919,>50K
25,Male,Bachelors,Exec-managerial,47,7789,>50K
32,Male,Bachelors,Other-service,47,440,>50K
48,Female,Bachelors,Craft-repair,30,199,<=50K
31,Female,Some-college,Other-service,43,103,<=50K
34,Male,HS-grad,Sales,56,481,<=50K
36,Male,Bachelors,Other-service,33,169,<=50K
42,Male,Some-college,Other-service,48,480,>50K
23,Male,Bachelors,Sales,45,399,<=50K
18,Female,Bachelors,Prof-specialty,35,765,>50K
43,Male,Some-college,Prof-specialty,50,650,>50K
60,Male,Masters,Other-service,37,254,>50K
34,Male,HS-grad,Sales,40,940,>50K
38,Male,HS-grad,Prof-specialty,53,1664,>50K
38,Male,Masters,Craft-repair,46,739,>50K
21,Male,Some-college,Craft-repair,39,5070,<=50K
18,Male,Doctorate,Other-service,64,207,>50K
27,Female,Some-college,Other-service,28,2025,>50K
41,Male,Bachelors,Other-service,35,1037,>50K
52,Male,HS-grad,Other-service,47,451,>50K
27,Male,Bachelors,Prof-specialty,31,502,>50K
29,Male,Some-college,Sales,33,359,<=50K
45,Female,HS-grad,Exec-managerial,43,3764,<=50K
